date,temperature_2m_max,temperature_2m_min,precipitation_sum,windspeed_10m_max,et0_fao_evapotranspiration,precip_lag_1,precip_lag_3,precip_lag_7,precip_roll7_mean,precip_roll7_std,precip_roll14_mean,precip_roll14_std,day_of_year,month,week,is_peak_rain,is_wet_season,is_aug_break,is_dry_season,is_onset_month,is_retreat_month,precip_next_day
2024-10-14,28.1,24.3,12.1,15.1,3.1,11.2,1.0,5.0,5.485714285714287,5.433669285552985,6.264285714285714,5.085667211783621,288,10,42,1,1,0,0,0,0,1.3
2024-10-15,29.5,23.7,1.3,13.9,3.89,12.1,10.3,0.6,5.585714285714286,5.3343005075419105,6.314285714285715,5.0288180508953575,289,10,42,1,1,0,0,0,0,7.4
2024-10-16,28.4,24.5,7.4,12.6,3.05,1.3,11.2,2.9,6.228571428571429,5.226762632743866,6.628571428571429,4.942504592648513,290,10,42,1,1,0,0,0,0,27.9
2024-10-17,26.0,23.8,27.9,14.0,1.22,7.4,12.1,0.3,10.171428571428573,9.033219117183396,7.478571428571429,7.190290308831398,291,10,42,1,1,0,0,0,0,4.0
2024-10-18,29.3,22.9,4.0,13.3,3.88,27.9,1.3,1.0,10.6,8.58564693737946,7.264285714285713,7.250104205389808,292,10,42,1,1,0,0,0,0,6.3
2024-10-19,29.3,23.5,6.3,13.1,3.43,4.0,7.4,10.3,10.028571428571428,8.740654873580558,7.014285714285713,7.216205815636522,293,10,42,1,1,0,0,0,0,3.3
2024-10-20,29.1,24.3,3.3,15.6,3.85,6.3,27.9,11.2,8.9,9.068075870878008,6.685714285714286,7.2772413563273926,294,10,42,1,1,0,0,0,0,4.0
2024-10-21,28.9,24.3,4.0,13.0,3.68,3.3,4.0,12.1,7.742857142857143,9.108394871922115,6.614285714285715,7.299932259206998,295,10,43,1,1,0,0,0,0,6.2
2024-10-22,28.4,24.1,6.2,10.0,3.12,4.0,6.3,1.3,8.442857142857141,8.710311349746563,7.014285714285713,7.095595290563894,296,10,43,1,1,0,0,0,0,1.2
2024-10-23,29.7,23.7,1.2,13.4,3.97,6.2,3.3,7.4,7.557142857142857,9.138719301750681,6.892857142857143,7.18539804429407,297,10,43,1,1,0,0,0,0,0.7
2024-10-24,29.9,25.1,0.7,17.9,4.13,1.2,4.0,27.9,3.6714285714285713,2.183051599416347,6.921428571428571,7.157908866467869,298,10,43,1,1,0,0,0,0,25.0
2024-10-25,29.9,25.5,25.0,17.0,2.75,0.7,6.2,4.0,6.671428571428572,8.370526523804477,8.635714285714284,8.397307915027303,299,10,43,1,1,0,0,0,0,2.3
2024-10-26,29.7,24.7,2.3,12.4,3.77,25.0,1.2,6.3,6.1000000000000005,8.535025873813543,8.064285714285713,8.546218879882327,300,10,43,1,1,0,0,0,0,0.5
2024-10-27,29.9,24.0,0.5,14.3,4.38,2.3,0.7,3.3,5.7,8.750999942863672,7.299999999999999,8.720885628985519,301,10,43,1,1,0,0,0,0,3.5
2024-10-28,29.1,25.7,3.5,14.2,3.74,0.5,25.0,4.0,5.628571428571428,8.769210204975566,6.685714285714285,8.65944190268253,302,10,44,1,1,0,0,0,0,5.1
2024-10-29,29.2,24.9,5.1,12.9,3.63,3.5,2.3,6.2,5.471428571428572,8.767119307525189,6.957142857142857,8.53632187823252,303,10,44,1,1,0,0,0,0,3.9
2024-10-30,29.6,24.5,3.9,14.7,3.85,5.1,0.5,1.2,5.857142857142857,8.605784322740362,6.707142857142856,8.573524926792343,304,10,44,1,1,0,0,0,0,0.4
2024-10-31,29.7,25.1,0.4,13.3,4.23,3.9,3.5,0.7,5.814285714285714,8.636439963207943,4.742857142857143,6.153137321813881,305,10,44,1,1,0,0,0,0,1.3
2024-11-01,30.0,25.3,1.3,12.7,3.91,0.4,5.1,25.0,2.4285714285714284,1.806206231962715,4.55,6.2201595329528825,306,11,44,0,0,0,1,0,1,2.7
2024-11-02,29.2,25.6,2.7,19.5,3.92,1.3,3.9,2.3,2.4857142857142853,1.8077873874145804,4.292857142857143,6.216660528922915,307,11,44,0,0,0,1,0,1,5.8
2024-11-03,28.9,24.9,5.8,17.4,3.26,2.7,0.4,0.5,3.242857142857143,1.9423843962658722,4.4714285714285715,6.221850895949578,308,11,44,0,0,0,1,0,1,1.8
2024-11-04,31.2,23.9,1.8,14.2,4.59,5.8,1.3,3.5,3.0,2.0099751242241766,4.314285714285714,6.262324113035295,309,11,45,0,0,0,1,0,1,0.0
2024-11-05,31.8,24.2,0.0,14.3,4.64,1.8,2.7,5.1,2.271428571428572,2.0459018269981293,3.871428571428571,6.337486588840743,310,11,45,0,0,0,1,0,1,1.7
2024-11-06,30.1,24.2,1.7,13.0,4.16,0.0,5.8,3.9,1.9571428571428573,1.9190771591723823,3.9071428571428575,6.32266549021051,311,11,45,0,0,0,1,0,1,0.0
2024-11-07,31.0,24.7,0.0,15.7,3.63,1.7,1.8,0.4,1.9000000000000001,1.9782146833277048,3.857142857142857,6.352675303876589,312,11,45,0,0,0,1,0,1,0.0
2024-11-08,30.9,25.3,0.0,17.2,4.59,0.0,0.0,1.3,1.7142857142857142,2.1011334809482958,2.0714285714285716,1.9185044541671898,313,11,45,0,0,0,1,0,1,0.9
2024-11-09,30.1,25.1,0.9,16.3,3.77,0.0,1.7,2.7,1.4571428571428573,2.070311685759049,1.9714285714285713,1.9420166249104507,314,11,45,0,0,0,1,0,1,3.6
2024-11-10,29.7,24.7,3.6,16.3,3.49,0.9,0.0,5.8,1.1428571428571428,1.338976154700726,2.1928571428571426,1.9380657628416296,315,11,45,0,0,0,1,0,1,0.8
2024-11-11,30.0,24.5,0.8,10.8,4.02,3.6,0.0,1.8,1.0,1.3102162671355697,2.0,1.9323162665169904,316,11,46,0,0,0,1,0,1,0.3
2024-11-12,30.9,24.2,0.3,13.0,4.37,0.8,0.9,0.0,1.042857142857143,1.276528029274645,1.6571428571428573,1.7579333520727336,317,11,46,0,0,0,1,0,1,0.0
2024-11-13,32.0,25.4,0.0,13.4,4.29,0.3,3.6,1.7,0.7999999999999999,1.2922847983320085,1.3785714285714286,1.6825706392434059,318,11,46,0,0,0,1,0,1,11.1
2024-11-14,31.0,25.1,11.1,14.6,3.94,0.0,0.8,0.0,2.3857142857142857,4.038740963645548,2.142857142857143,3.0656193465631025,319,11,46,0,0,0,1,0,1,0.4
2024-11-15,31.2,25.8,0.4,9.7,4.11,11.1,0.3,0.0,2.4428571428571426,4.002023297807058,2.0785714285714283,3.0939590200231195,320,11,46,0,0,0,1,0,1,1.4
2024-11-16,30.8,25.7,1.4,12.7,3.94,0.4,0.0,0.9,2.5142857142857147,3.974262435315753,1.9857142857142858,3.093381804596871,321,11,46,0,0,0,1,0,1,2.2
2024-11-17,30.2,25.2,2.2,9.5,3.85,1.4,11.1,3.6,2.314285714285714,3.945642563397657,1.7285714285714284,2.895202549425136,322,11,46,0,0,0,1,0,1,1.1
2024-11-18,31.2,24.9,1.1,11.3,4.17,2.2,0.4,0.8,2.357142857142857,3.9280432545382955,1.6785714285714286,2.8999147391786364,323,11,47,0,0,0,1,0,1,0.0
2024-11-19,32.2,25.0,0.0,9.5,4.33,1.1,1.4,0.3,2.314285714285714,3.955767338721431,1.6785714285714286,2.8999147391786364,324,11,47,0,0,0,1,0,1,0.0
2024-11-20,33.5,25.4,0.0,13.8,4.5,0.0,2.2,0.0,2.314285714285714,3.955767338721431,1.5571428571428572,2.934336325360417,325,11,47,0,0,0,1,0,1,0.0
2024-11-21,32.0,25.2,0.0,13.7,4.33,0.0,1.1,11.1,0.7285714285714285,0.8616153157766835,1.5571428571428572,2.934336325360417,326,11,47,0,0,0,1,0,1,7.2
2024-11-22,30.4,25.3,7.2,12.9,3.86,0.0,0.0,0.4,1.7,2.5696951829610715,2.0714285714285716,3.253974746114612,327,11,47,0,0,0,1,0,1,1.9
2024-11-23,31.2,25.9,1.9,11.1,3.77,7.2,0.0,1.4,1.7714285714285716,2.5669140264230936,2.142857142857143,3.23721492019922,328,11,47,0,0,0,1,0,1,0.0
2024-11-24,32.7,25.2,0.0,11.4,4.22,1.9,0.0,2.2,1.4571428571428573,2.6393541778606515,1.8857142857142857,3.2554940881902645,329,11,47,0,0,0,1,0,1,0.0
2024-11-25,33.0,25.1,0.0,15.1,4.14,0.0,7.2,1.1,1.3000000000000003,2.6962937525425525,1.8285714285714285,3.2829228467300933,330,11,48,0,0,0,1,0,1,3.1
2024-11-26,31.3,25.6,3.1,12.1,3.9,0.0,1.9,0.0,1.742857142857143,2.701763092782898,2.0285714285714285,3.267892421595436,331,11,48,0,0,0,1,0,1,0.8
2024-11-27,31.1,25.8,0.8,14.5,3.74,3.1,0.0,0.0,1.8571428571428574,2.6317656575368704,2.085714285714286,3.2365359313878845,332,11,48,0,0,0,1,0,1,0.0
2024-11-28,32.4,25.2,0.0,12.2,4.19,0.8,0.0,0.0,1.8571428571428574,2.6317656575368704,1.292857142857143,1.9703433069525609,333,11,48,0,0,0,1,0,1,0.0
2024-11-29,33.1,24.4,0.0,8.6,4.59,0.0,3.1,7.2,0.8285714285714285,1.2284329933079865,1.2642857142857145,1.9871150881683677,334,11,48,0,0,0,1,0,1,0.0
2024-11-30,34.2,23.2,0.0,11.5,4.78,0.0,0.8,1.9,0.5571428571428572,1.1602544876838345,1.1642857142857144,2.0147941841279002,335,11,48,0,0,0,1,0,1,0.0
2024-12-01,34.1,23.8,0.0,12.3,4.92,0.0,0.0,0.0,0.5571428571428572,1.1602544876838345,1.0071428571428573,2.0135939112841115,336,12,48,0,0,0,1,0,0,0.0
2024-12-02,33.7,23.5,0.0,12.3,4.61,0.0,0.0,0.0,0.5571428571428572,1.1602544876838345,0.9285714285714287,2.0310772327202953,337,12,49,0,0,0,1,0,0,0.0
2024-12-03,33.7,24.7,0.0,12.3,4.18,0.0,0.0,3.1,0.1142857142857143,0.302371578407384,0.9285714285714287,2.0310772327202953,338,12,49,0,0,0,1,0,0,1.6
2024-12-04,32.2,25.5,1.6,17.0,3.8,0.0,0.0,0.8,0.2285714285714286,0.6047431568147645,1.042857142857143,2.0197921773193515,339,12,49,0,0,0,1,0,0,4.3
2024-12-05,31.2,25.3,4.3,11.2,3.74,1.6,0.0,0.0,0.8428571428571429,1.63692510809866,1.35,2.170342050319401,340,12,49,0,0,0,1,0,0,0.7
2024-12-06,31.1,25.3,0.7,11.6,3.92,4.3,0.0,0.0,0.9428571428571428,1.5977662979475886,0.8857142857142858,1.3704896053023403,341,12,49,0,0,0,1,0,0,0.0
2024-12-07,32.8,24.4,0.0,11.9,4.34,0.7,1.6,0.0,0.9428571428571428,1.5977662979475886,0.75,1.3563242181039867,342,12,49,0,0,0,1,0,0,0.0
2024-12-08,33.7,24.9,0.0,10.7,4.65,0.0,4.3,0.0,0.9428571428571428,1.5977662979475886,0.75,1.3563242181039867,343,12,49,0,0,0,1,0,0,0.0
2024-12-09,32.8,24.5,0.0,10.1,4.06,0.0,0.7,0.0,0.9428571428571428,1.5977662979475886,0.75,1.3563242181039867,344,12,50,0,0,0,1,0,0,0.0
2024-12-10,33.9,23.7,0.0,14.5,4.49,0.0,0.0,0.0,0.9428571428571428,1.5977662979475886,0.5285714285714286,1.1854428393114245,345,12,50,0,0,0,1,0,0,0.0
2024-12-11,33.1,25.4,0.0,14.4,3.89,0.0,0.0,1.6,0.7142857142857143,1.6025277651557983,0.4714285714285715,1.1906227016071986,346,12,50,0,0,0,1,0,0,0.8
2024-12-12,32.1,25.7,0.8,12.0,4.08,0.0,0.0,4.3,0.21428571428571416,0.36709931185158157,0.5285714285714286,1.1854428393114245,347,12,50,0,0,0,1,0,0,2.0
2024-12-13,31.6,25.1,2.0,12.3,3.9,0.8,0.0,0.7,0.39999999999999986,0.7659416862050703,0.6714285714285715,1.2362652014643358,348,12,50,0,0,0,1,0,0,0.0
2024-12-14,32.4,24.5,0.0,13.0,4.2,2.0,0.0,0.0,0.39999999999999986,0.7659416862050703,0.6714285714285715,1.2362652014643358,349,12,50,0,0,0,1,0,0,0.0
2024-12-15,33.3,24.6,0.0,12.3,4.09,0.0,0.8,0.0,0.39999999999999986,0.7659416862050703,0.6714285714285715,1.2362652014643358,350,12,50,0,0,0,1,0,0,0.0
2024-12-16,33.6,25.0,0.0,12.2,4.31,0.0,2.0,0.0,0.39999999999999986,0.7659416862050703,0.6714285714285715,1.2362652014643358,351,12,51,0,0,0,1,0,0,0.0
2024-12-17,34.0,25.3,0.0,13.1,4.43,0.0,0.0,0.0,0.39999999999999986,0.7659416862050703,0.6714285714285715,1.2362652014643358,352,12,51,0,0,0,1,0,0,0.0
2024-12-18,33.6,24.1,0.0,12.3,4.48,0.0,0.0,0.0,0.39999999999999986,0.7659416862050703,0.5571428571428572,1.217635972956355,353,12,51,0,0,0,1,0,0,0.0
2024-12-19,33.8,24.5,0.0,12.1,5.09,0.0,0.0,0.8,0.2857142857142856,0.7559289460184544,0.25,0.5721081124295474,354,12,51,0,0,0,1,0,0,0.0
2024-12-20,34.0,23.8,0.0,11.6,5.26,0.0,0.0,2.0,0.0,0.0,0.19999999999999998,0.5602197371087182,355,12,51,0,0,0,1,0,0,0.0
2024-12-21,33.7,23.3,0.0,10.7,4.5,0.0,0.0,0.0,0.0,0.0,0.19999999999999998,0.5602197371087182,356,12,51,0,0,0,1,0,0,0.0
2024-12-22,33.5,22.5,0.0,8.7,4.92,0.0,0.0,0.0,0.0,0.0,0.19999999999999998,0.5602197371087182,357,12,51,0,0,0,1,0,0,0.0
2024-12-23,33.6,22.5,0.0,13.0,4.51,0.0,0.0,0.0,0.0,0.0,0.19999999999999998,0.5602197371087182,358,12,52,0,0,0,1,0,0,0.0
2024-12-24,32.7,23.9,0.0,11.9,4.06,0.0,0.0,0.0,0.0,0.0,0.19999999999999998,0.5602197371087182,359,12,52,0,0,0,1,0,0,0.0
2024-12-25,34.0,24.4,0.0,14.3,4.24,0.0,0.0,0.0,0.0,0.0,0.19999999999999998,0.5602197371087182,360,12,52,0,0,0,1,0,0,0.0
2024-12-26,34.4,25.1,0.0,14.4,4.27,0.0,0.0,0.0,0.0,0.0,0.14285714285714285,0.5345224838248558,361,12,52,0,0,0,1,0,0,0.0
2024-12-27,33.4,24.8,0.0,13.3,4.06,0.0,0.0,0.0,0.0,0.0,0.0,0.0,362,12,52,0,0,0,1,0,0,0.0
2024-12-28,33.8,24.7,0.0,13.5,3.84,0.0,0.0,0.0,0.0,0.0,0.0,0.0,363,12,52,0,0,0,1,0,0,0.0
2024-12-29,33.8,24.7,0.0,13.4,4.21,0.0,0.0,0.0,0.0,0.0,0.0,0.0,364,12,52,0,0,0,1,0,0,0.0
2024-12-30,33.7,25.3,0.0,12.8,4.23,0.0,0.0,0.0,0.0,0.0,0.0,0.0,365,12,1,0,0,0,1,0,0,0.0
2024-12-31,32.9,25.6,0.0,13.5,4.0,0.0,0.0,0.0,0.0,0.0,0.0,0.0,366,12,1,0,0,0,1,0,0,0.0
2025-01-01,33.0,25.6,0.0,13.6,4.05,0.0,0.0,0.0,0.0,0.0,0.0,0.0,1,1,1,0,0,0,1,0,0,0.0
2025-01-02,32.8,25.2,0.0,13.8,4.17,0.0,0.0,0.0,0.0,0.0,0.0,0.0,2,1,1,0,0,0,1,0,0,0.2
2025-01-03,32.5,25.9,0.2,13.6,4.02,0.0,0.0,0.0,0.028571428571428446,0.07559289460184535,0.014285714285714287,0.05345224838255782,3,1,1,0,0,0,1,0,0,1.4
2025-01-04,32.7,26.3,1.4,12.9,3.88,0.2,0.0,0.0,0.22857142857142843,0.5219012860502954,0.11428571428571428,0.3738719296500172,4,1,1,0,0,0,1,0,0,0.3
2025-01-05,32.9,26.2,0.3,15.5,3.96,1.4,0.0,0.0,0.2714285714285713,0.5122313465427045,0.1357142857142857,0.3754118617386423,5,1,1,0,0,0,1,0,0,1.6
2025-01-06,32.7,26.2,1.6,13.5,3.8,0.3,0.2,0.0,0.4999999999999999,0.6952217871538068,0.25,0.5388734688074954,6,1,2,0,0,0,1,0,0,0.5
2025-01-07,32.2,26.4,0.5,12.3,3.7,1.6,1.4,0.0,0.5714285714285713,0.6600865744084524,0.2857142857142857,0.5375974228091094,7,1,2,0,0,0,1,0,0,1.1
2025-01-08,32.5,25.9,1.1,12.3,3.86,0.5,0.3,0.0,0.7285714285714285,0.6317021600783225,0.36428571428571427,0.5719160009021598,8,1,2,0,0,0,1,0,0,0.1
2025-01-09,32.7,25.8,0.1,13.1,4.03,1.1,1.6,0.0,0.7428571428571428,0.6133436852128469,0.37142857142857144,0.567624701891848,9,1,2,0,0,0,1,0,0,0.2
2025-01-10,34.1,25.3,0.2,12.8,4.11,0.1,0.5,0.2,0.7428571428571428,0.6133436852128469,0.38571428571428573,0.5600235473856262,10,1,2,0,0,0,1,0,0,0.0
2025-01-11,33.5,24.4,0.0,10.8,5.14,0.2,1.1,1.4,0.5428571428571428,0.5912053869204924,0.38571428571428573,0.5600235473856262,11,1,2,0,0,0,1,0,0,0.0
2025-01-12,34.4,22.4,0.0,11.7,4.71,0.0,0.1,0.3,0.4999999999999999,0.6218252702059207,0.38571428571428573,0.5600235473856262,12,1,2,0,0,0,1,0,0,0.0
2025-01-13,32.7,23.4,0.0,14.6,4.38,0.0,0.2,1.6,0.2714285714285713,0.4070801956792858,0.38571428571428573,0.5600235473856262,13,1,3,0,0,0,1,0,0,0.0
2025-01-14,32.4,24.5,0.0,12.5,4.17,0.0,0.0,0.5,0.1999999999999999,0.40414518843273795,0.38571428571428573,0.5600235473856262,14,1,3,0,0,0,1,0,0,0.0
2025-01-15,33.2,25.4,0.0,13.1,4.11,0.0,0.0,1.1,0.04285714285714274,0.07867957924694473,0.38571428571428573,0.5600235473856262,15,1,3,0,0,0,1,0,0,0.0
2025-01-16,34.1,25.8,0.0,12.4,4.05,0.0,0.0,0.1,0.028571428571428446,0.07559289460184596,0.38571428571428573,0.5600235473856262,16,1,3,0,0,0,1,0,0,0.0
2025-01-17,34.8,26.8,0.0,16.8,4.22,0.0,0.0,0.2,0.0,0.0,0.37142857142857144,0.567624701891848,17,1,3,0,0,0,1,0,0,1.0
2025-01-18,30.0,26.8,1.0,21.4,3.23,0.0,0.0,0.0,0.14285714285714274,0.3779644730092272,0.3428571428571429,0.5199323709192164,18,1,3,0,0,0,1,0,0,0.2
2025-01-19,30.8,26.6,0.2,16.7,4.05,1.0,0.0,0.0,0.1714285714285713,0.3728908942943217,0.3357142857142858,0.5212516635017139,19,1,3,0,0,0,1,0,0,1.0
2025-01-20,31.5,24.6,1.0,13.7,4.11,0.2,0.0,0.0,0.31428571428571417,0.47409060817728144,0.2928571428571428,0.4251050290390518,20,1,4,0,0,0,1,0,0,0.0
2025-01-21,32.3,25.5,0.0,13.5,4.01,1.0,1.0,0.0,0.31428571428571417,0.47409060817728144,0.2571428571428572,0.4273609278319323,21,1,4,0,0,0,1,0,0,0.6
2025-01-22,32.7,26.5,0.6,15.0,3.87,0.0,0.2,0.0,0.39999999999999986,0.4618802153517003,0.22142857142857145,0.3683196175325828,22,1,4,0,0,0,1,0,0,3.8
2025-01-23,30.3,25.1,3.8,14.4,3.72,0.6,1.0,0.0,0.9428571428571427,1.3302344941865736,0.4857142857142857,1.0219567527031714,23,1,4,0,0,0,1,0,0,0.9
2025-01-24,32.1,25.5,0.9,11.3,3.92,3.8,0.0,0.0,1.0714285714285714,1.2658518682614297,0.5357142857142857,1.024024596201859,24,1,4,0,0,0,1,0,0,1.2
2025-01-25,31.8,25.9,1.2,12.6,3.95,0.9,0.6,1.0,1.0999999999999999,1.2662279942148382,0.6214285714285713,1.0259543935197237,25,1,4,0,0,0,1,0,0,1.4
2025-01-26,30.3,26.0,1.4,12.9,3.37,1.2,3.8,0.2,1.2714285714285711,1.2037639382568406,0.7214285714285714,1.0289491064849954,26,1,4,0,0,0,1,0,0,2.0
2025-01-27,31.5,24.9,2.0,15.3,3.86,1.4,0.9,1.0,1.4142857142857141,1.2253279444412302,0.8642857142857142,1.0594680398542156,27,1,5,0,0,0,1,0,0,0.9
2025-01-28,32.3,25.6,0.9,13.5,3.98,2.0,1.2,0.0,1.5428571428571427,1.0921799956312797,0.9285714285714286,1.0298831684513283,28,1,5,0,0,0,1,0,0,1.7
2025-01-29,30.5,25.6,1.7,10.9,3.64,0.9,1.4,0.6,1.6999999999999997,1.0099504938362074,1.05,1.012042869265317,29,1,5,0,0,0,1,0,0,0.8
2025-01-30,31.5,25.4,0.8,11.0,3.89,1.7,2.0,3.8,1.2714285714285711,0.4535573676110722,1.1071428571428572,0.969904266262548,30,1,5,0,0,0,1,0,0,2.9
2025-01-31,32.1,25.7,2.9,12.2,3.95,0.8,0.9,0.9,1.557142857142857,0.7276838664721162,1.3142857142857143,1.0234610532270063,31,1,5,0,0,0,1,0,0,0.2
2025-02-01,31.9,26.1,0.2,13.8,4.05,2.9,1.7,1.2,1.4142857142857141,0.8896227129680148,1.257142857142857,1.0638929137221178,32,2,5,0,0,0,1,0,0,2.5
2025-02-02,31.6,25.8,2.5,10.8,4.17,0.2,0.8,1.4,1.5714285714285714,0.9793097666456811,1.4214285714285713,1.0656731866099223,33,2,5,0,0,0,1,0,0,0.2
2025-02-03,32.6,25.8,0.2,11.5,4.27,2.5,2.9,2.0,1.3142857142857143,1.0792413561210041,1.3642857142857143,1.1105141864207606,34,2,6,0,0,0,1,0,0,0.0
2025-02-04,33.8,26.8,0.0,15.5,4.24,0.2,0.2,0.9,1.1857142857142855,1.1852265204432038,1.3642857142857143,1.1105141864207606,35,2,6,0,0,0,1,0,0,0.7
2025-02-05,32.0,26.7,0.7,14.5,4.14,0.0,2.5,1.7,1.0428571428571427,1.173111450882002,1.3714285714285714,1.1055305523583723,36,2,6,0,0,0,1,0,0,1.0
2025-02-06,32.1,26.6,1.0,14.3,4.4,0.7,0.2,0.8,1.0714285714285712,1.1686377906410033,1.1714285714285713,0.857930041462567,37,2,6,0,0,0,1,0,0,1.1
2025-02-07,32.7,27.3,1.1,14.4,4.3,1.0,0.0,2.9,0.8142857142857142,0.8552359741197579,1.1857142857142857,0.8547218556638506,38,2,6,0,0,0,1,0,0,4.4
2025-02-08,30.2,26.7,4.4,12.2,3.02,1.1,0.7,0.2,1.4142857142857141,1.5464244473716042,1.4142857142857144,1.2120276354155437,39,2,6,0,0,0,1,0,0,0.5
2025-02-09,31.7,25.8,0.5,12.5,4.14,4.4,1.0,2.5,1.1285714285714286,1.4963447527383584,1.3499999999999999,1.2364651850521953,40,2,6,0,0,0,1,0,0,2.8
2025-02-10,32.2,26.8,2.8,13.4,4.02,0.5,1.1,0.2,1.5,1.5491933384829668,1.407142857142857,1.2862971816654365,41,2,7,0,0,0,1,0,0,1.4
2025-02-11,32.5,26.9,1.4,14.5,3.78,2.8,4.4,0.0,1.6999999999999997,1.4071247279470287,1.4428571428571428,1.2780479620916418,42,2,7,0,0,0,1,0,0,1.8
2025-02-12,31.1,26.2,1.8,11.6,3.77,1.4,0.5,0.7,1.8571428571428572,1.3364843718467028,1.45,1.2798737918548566,43,2,7,0,0,0,1,0,0,3.9
2025-02-13,32.3,26.4,3.9,12.1,4.06,1.8,2.8,1.0,2.2714285714285714,1.4693698033672864,1.6714285714285713,1.4193327638385227,44,2,7,0,0,0,1,0,0,0.8
2025-02-14,32.3,26.1,0.8,13.4,4.08,3.9,1.4,1.1,2.228571428571428,1.5129598867939686,1.5214285714285716,1.3901735206737404,45,2,7,0,0,0,1,0,0,1.4
2025-02-15,32.0,26.4,1.4,12.3,4.27,0.8,1.8,4.4,1.8,1.1846237095944572,1.6071428571428572,1.3384631173414985,46,2,7,0,0,0,1,0,0,0.3
2025-02-16,33.5,26.6,0.3,14.6,4.21,1.4,3.9,0.5,1.771428571428571,1.2229939843328277,1.45,1.3546217184144087,47,2,7,0,0,0,1,0,0,0.4
2025-02-17,33.5,26.6,0.4,13.6,4.34,0.3,0.8,2.8,1.4285714285714284,1.222993984332828,1.4642857142857142,1.3414155226459883,48,2,8,0,0,0,1,0,0,0.0
2025-02-18,32.3,27.2,0.0,12.9,4.13,0.4,1.4,1.4,1.2285714285714282,1.3375528471980533,1.4642857142857142,1.3414155226459883,49,2,8,0,0,0,1,0,0,2.3
2025-02-19,31.6,27.0,2.3,14.4,4.38,0.0,0.3,1.8,1.2999999999999996,1.3856406460551018,1.5785714285714285,1.339447975518603,50,2,8,0,0,0,1,0,0,0.9
2025-02-20,32.4,27.0,0.9,12.2,4.45,2.3,0.4,3.9,0.8714285714285712,0.7782764841072137,1.5714285714285714,1.3430324879675357,51,2,8,0,0,0,1,0,0,2.0
2025-02-21,32.0,27.1,2.0,15.9,4.3,0.9,0.0,0.8,1.0428571428571427,0.8847921466972585,1.6357142857142857,1.340268137843576,52,2,8,0,0,0,1,0,0,12.7
2025-02-22,32.0,26.4,12.7,14.1,4.22,2.0,2.3,1.4,2.657142857142857,4.513260884274673,2.2285714285714286,3.2010643834220502,53,2,8,0,0,0,1,0,0,0.8
2025-02-23,31.1,25.2,0.8,11.1,2.79,12.7,0.9,0.3,2.728571428571428,4.473519973396893,2.25,3.1895864212247864,54,2,8,0,0,0,1,0,0,0.1
2025-02-24,31.9,26.2,0.1,14.5,4.34,0.8,2.0,0.4,2.6857142857142855,4.500899381023222,2.057142857142857,3.235075622874107,55,2,9,0,0,0,1,0,0,5.5
2025-02-25,31.9,26.8,5.5,13.8,4.29,0.1,12.7,0.0,3.471428571428571,4.433476546200992,2.35,3.354388629381378,56,2,9,0,0,0,1,0,0,1.4
2025-02-26,31.6,26.4,1.4,14.8,4.16,5.5,0.8,2.3,3.3428571428571425,4.4858507713539835,2.3214285714285716,3.3611304351657947,57,2,9,0,0,0,1,0,0,0.7
2025-02-27,32.4,26.1,0.7,13.1,4.42,1.4,0.1,0.9,3.314285714285714,4.504600822651056,2.092857142857143,3.3543231085397127,58,2,9,0,0,0,1,0,0,1.5
2025-02-28,31.8,26.0,1.5,13.7,4.19,0.7,5.5,2.0,3.242857142857143,4.532790583756376,2.142857142857143,3.3387501774245933,59,2,9,0,0,0,1,0,0,1.0
2025-03-01,31.7,26.6,1.0,12.5,4.27,1.5,1.4,12.7,1.5714285714285714,1.7941704542901211,2.1142857142857143,3.3472967607303077,60,3,9,0,0,0,1,0,0,0.4
2025-03-02,32.3,26.9,0.4,14.1,4.41,1.0,0.7,0.8,1.5142857142857142,1.828869023402689,2.1214285714285714,3.343231640523553,61,3,9,0,0,0,1,0,0,4.4
2025-03-03,32.2,27.3,4.4,16.4,4.3,0.4,1.5,0.1,2.1285714285714286,1.9897355651059816,2.4071428571428575,3.3556987775594953,62,3,10,0,0,0,1,0,0,2.8
2025-03-04,32.0,26.4,2.8,19.8,4.35,4.4,1.0,5.5,1.7428571428571427,1.4022091413874314,2.607142857142857,3.2838683300021656,63,3,10,0,0,0,1,0,0,7.6
2025-03-05,30.7,27.0,7.6,15.4,4.21,2.8,0.4,1.4,2.6285714285714286,2.5978929190880096,2.985714285714286,3.5411552097839802,64,3,10,0,0,0,1,0,0,3.4
2025-03-06,32.1,26.4,3.4,17.2,4.5,7.6,4.4,0.7,3.0142857142857147,2.4606425796449805,3.1642857142857146,3.4905602686404076,65,3,10,0,0,0,1,0,0,0.5
2025-03-07,32.7,26.7,0.5,13.5,4.47,3.4,2.8,1.5,2.8714285714285714,2.5888957013330898,3.0571428571428574,3.5515358077044077,66,3,10,0,0,0,1,0,0,0.3
2025-03-08,32.2,27.4,0.3,14.7,4.41,0.5,7.6,1.0,2.7714285714285714,2.684966967962105,2.1714285714285713,2.280495415619016,67,3,10,0,0,0,1,0,0,1.9
2025-03-09,31.2,27.5,1.9,15.7,4.02,0.3,3.4,0.4,2.985714285714286,2.5188810819016254,2.25,2.248332715591713,68,3,10,0,0,0,1,0,0,0.8
2025-03-10,32.7,27.5,0.8,15.6,4.82,1.9,0.5,4.4,2.4714285714285715,2.5493229726826727,2.3000000000000003,2.2041918107237275,69,3,11,0,0,0,1,0,0,2.8
2025-03-11,31.3,27.2,2.8,16.2,4.05,0.8,0.3,2.8,2.471428571428571,2.5493229726826727,2.107142857142857,2.0124475284948575,70,3,11,0,0,0,1,0,0,0.3
2025-03-12,31.8,27.0,0.3,14.3,4.33,2.8,1.9,7.6,1.4285714285714286,1.2776466461353675,2.0285714285714285,2.0630181666781224,71,3,11,0,0,0,1,0,0,0.5
2025-03-13,32.2,26.5,0.5,17.4,4.65,0.3,0.8,3.4,1.0142857142857145,0.9633769968684319,2.0142857142857142,2.0735911409388845,72,3,11,0,0,0,1,0,0,0.7
2025-03-14,31.9,27.4,0.7,14.6,4.8,0.5,2.8,0.5,1.0428571428571427,0.9484322904265807,1.957142857142857,2.0997121728444625,73,3,11,0,0,0,1,0,0,2.2
2025-03-15,32.0,27.6,2.2,14.1,4.23,0.7,0.3,0.3,1.3142857142857143,0.9719886340703296,2.042857142857143,2.0820530864858036,74,3,11,0,0,0,1,0,0,4.3
2025-03-16,31.7,27.4,4.3,16.3,4.25,2.2,0.5,1.9,1.6571428571428573,1.495389740566143,2.3214285714285716,2.106100505830466,75,3,11,0,0,0,1,0,0,3.2
2025-03-17,32.2,25.7,3.2,16.4,4.53,4.3,0.7,0.8,2.0,1.540562667772179,2.2357142857142858,2.038327799884068,76,3,12,0,0,0,1,0,0,2.1
2025-03-18,31.3,26.5,2.1,15.8,3.81,3.2,2.2,2.8,1.9000000000000001,1.5022205785658334,2.1857142857142855,2.031996798474593,77,3,12,0,0,0,1,0,0,2.7
2025-03-19,30.5,26.7,2.7,14.4,4.33,2.1,4.3,0.3,2.242857142857143,1.3414633090486707,1.8357142857142859,1.3275814579424248,78,3,12,0,0,0,1,0,0,0.2
2025-03-20,30.9,27.0,0.2,14.1,3.2,2.7,3.2,0.5,2.2,1.4094916341243984,1.6071428571428572,1.3129322940621182,79,3,12,0,0,0,1,0,0,1.3
2025-03-21,31.9,27.6,1.3,15.5,4.33,0.2,2.1,0.7,2.2857142857142856,1.318368399991155,1.6642857142857144,1.2779834733836606,80,3,12,0,0,0,1,0,0,3.3
2025-03-22,31.5,26.0,3.3,11.8,4.21,1.3,2.7,2.2,2.442857142857143,1.3709572602834157,1.8785714285714286,1.283132328105164,81,3,12,0,0,0,1,0,0,2.4
2025-03-23,31.6,26.6,2.4,14.8,3.66,3.3,0.2,4.3,2.1714285714285717,1.1041048949477668,1.9142857142857144,1.2907106825056003,82,3,12,0,0,0,1,0,0,5.9
2025-03-24,31.5,26.8,5.9,12.3,4.46,2.4,1.3,3.2,2.557142857142857,1.7849903294389233,2.2785714285714285,1.627730166368339,83,3,13,0,0,0,1,0,0,2.8
2025-03-25,31.9,27.1,2.8,14.5,4.19,5.9,3.3,2.1,2.6571428571428575,1.7746897783905244,2.278571428571429,1.627730166368339,84,3,13,0,0,0,1,0,0,7.4
2025-03-26,29.0,25.9,7.4,16.7,3.04,2.8,2.4,2.7,3.3285714285714287,2.524357532597344,2.7857142857142856,2.022130309601979,85,3,13,0,0,0,1,0,0,0.8
2025-03-27,31.5,25.4,0.8,13.9,4.57,7.4,5.9,0.2,3.4142857142857146,2.407923428619614,2.8071428571428574,1.9974846820301426,86,3,13,0,0,0,1,0,0,1.9
2025-03-28,31.2,27.2,1.9,13.1,4.52,0.8,2.8,1.3,3.5,2.3295206946208196,2.892857142857143,1.9245236316530938,87,3,13,0,0,0,1,0,0,0.3
2025-03-29,31.8,27.5,0.3,17.0,4.67,1.9,7.4,3.3,3.0714285714285716,2.629140725100304,2.757142857142857,2.040631231794669,88,3,13,0,0,0,1,0,0,18.6
2025-03-30,31.8,26.7,18.6,18.7,3.77,0.3,0.8,2.4,5.385714285714286,6.385772877114817,3.7785714285714285,4.707960291876952,89,3,13,0,0,0,1,0,0,9.6
2025-03-31,31.4,25.6,9.6,17.2,4.2,18.6,1.9,5.9,5.914285714285714,6.58544571294117,4.235714285714286,4.951861676777136,90,3,14,0,0,0,1,0,0,6.0
2025-04-01,31.2,27.3,6.0,16.6,4.31,9.6,0.3,2.8,6.371428571428572,6.4427515565205224,4.514285714285714,4.932132811059944,91,4,14,0,1,0,0,1,0,18.9
2025-04-02,30.6,24.6,18.9,15.2,3.58,6.0,18.6,7.4,8.014285714285714,8.021518678203144,5.671428571428572,6.208855781050975,92,4,14,0,1,0,0,1,0,4.8
2025-04-03,31.4,25.3,4.8,12.6,4.07,18.9,9.6,0.8,8.585714285714285,7.550591272968533,6.0,6.015748562667057,93,4,14,0,1,0,0,1,0,0.1
2025-04-04,31.7,26.9,0.1,13.0,4.7,4.8,6.0,1.9,8.328571428571427,7.841282693903739,5.914285714285714,6.09588223473684,94,4,14,0,1,0,0,1,0,0.4
2025-04-05,32.2,27.7,0.4,16.0,4.94,0.1,18.9,0.3,8.342857142857143,7.824290626601482,5.707142857142857,6.239140015408223,95,4,14,0,1,0,0,1,0,3.0
2025-04-06,32.0,27.0,3.0,16.2,4.66,0.4,4.8,18.6,6.114285714285714,6.530550913827656,5.75,6.216695882243854,96,4,14,0,1,0,0,1,0,0.7
2025-04-07,31.2,27.3,0.7,16.0,4.4,3.0,0.1,9.6,4.8428571428571425,6.604760188141363,5.378571428571428,6.36071821917433,97,4,15,0,1,0,0,1,0,1.2
2025-04-08,31.9,26.9,1.2,17.2,4.69,0.7,0.4,6.0,4.157142857142857,6.712887392386165,5.264285714285714,6.4246648691833474,98,4,15,0,1,0,0,1,0,25.7
2025-04-09,30.9,24.5,25.7,13.9,2.76,1.2,3.0,18.9,5.128571428571428,9.224191795800555,6.571428571428571,8.438595268757123,99,4,15,0,1,0,0,1,0,5.7
2025-04-10,31.3,26.7,5.7,13.8,3.83,25.7,0.7,4.8,5.257142857142857,9.22512098255937,6.921428571428572,8.280949274033796,100,4,15,0,1,0,0,1,0,25.4
2025-04-11,30.2,25.1,25.4,11.0,3.44,5.7,1.2,0.1,8.87142857142857,11.534833373412074,8.6,9.479776044092699,101,4,15,0,1,0,0,1,0,0.0
2025-04-12,31.2,25.0,0.0,11.1,4.53,25.4,25.7,0.4,8.814285714285713,11.584677893871797,8.578571428571427,9.500297855365343,102,4,15,0,1,0,0,1,0,5.0
2025-04-13,31.8,27.4,5.0,14.6,4.69,0.0,5.7,3.0,9.1,11.441153787970862,7.607142857142857,9.082905692793236,103,4,15,0,1,0,0,1,0,13.4
2025-04-14,31.8,27.6,13.4,15.3,4.14,5.0,25.4,0.7,10.914285714285715,10.880322999407166,7.878571428571428,9.20302446702492,104,4,16,0,1,0,0,1,0,4.1
2025-04-15,30.8,25.1,4.1,17.3,4.34,13.4,0.0,1.2,11.328571428571427,10.497255877246252,7.742857142857142,9.24676361559207,105,4,16,0,1,0,0,1,0,5.7
2025-04-16,30.9,25.5,5.7,17.8,4.61,4.1,5.0,25.7,8.471428571428572,8.457287643548273,6.8,8.677025367645827,106,4,16,0,1,0,0,1,0,3.5
2025-04-17,31.8,26.1,3.5,12.5,4.12,5.7,13.4,5.7,8.157142857142857,8.616816338388778,6.707142857142856,8.706979012061732,107,4,16,0,1,0,0,1,0,0.2
2025-04-18,32.1,26.4,0.2,14.7,4.61,3.5,4.1,25.4,4.557142857142857,4.486593786997417,6.714285714285714,8.701180922756945,108,4,16,0,1,0,0,1,0,3.6
2025-04-19,31.3,27.6,3.6,15.2,4.33,0.2,5.7,0.0,5.071428571428571,4.063542906427957,6.942857142857142,8.563492663242409,109,4,16,0,1,0,0,1,0,8.1
2025-04-20,31.5,26.9,8.1,13.0,4.44,3.6,3.5,5.0,5.514285714285714,4.22035882022235,7.307142857142857,8.49103276183983,110,4,16,0,1,0,0,1,0,2.6
2025-04-21,32.1,26.8,2.6,14.2,4.67,8.1,0.2,13.4,3.9714285714285715,2.4669240534954247,7.442857142857143,8.391911333193159,111,4,17,0,1,0,0,1,0,14.7
2025-04-22,32.0,25.6,14.7,17.6,4.77,2.6,3.6,4.1,5.485714285714286,4.753044137332261,8.407142857142857,8.395004401493717,112,4,17,0,1,0,0,1,0,6.8
2025-04-23,30.8,24.6,6.8,14.3,4.05,14.7,8.1,5.7,5.6428571428571415,4.779420168059841,7.057142857142857,6.76082770145721,113,4,17,0,1,0,0,1,0,0.0
2025-04-24,32.2,26.4,0.0,12.9,4.82,6.8,2.6,3.5,5.1428571428571415,5.205079936260072,6.6499999999999995,7.015669275601249,114,4,17,0,1,0,0,1,0,0.1
2025-04-25,32.0,27.2,0.1,16.1,4.92,0.0,14.7,0.2,5.128571428571428,5.2210197872683475,4.8428571428571425,4.686102905353276,115,4,17,0,1,0,0,1,0,6.9
2025-04-26,30.6,26.7,6.9,13.1,3.56,0.1,6.8,3.6,5.6,5.208966628164682,5.335714285714286,4.4965982258142185,116,4,17,0,1,0,0,1,0,1.0
2025-04-27,30.1,24.4,1.0,13.9,2.64,6.9,0.0,8.1,4.5857142857142845,5.330862522903329,5.05,4.644227185856235,117,4,17,0,1,0,0,1,0,1.7
2025-04-28,31.9,26.3,1.7,11.1,4.29,1.0,0.1,2.6,4.457142857142857,5.397177392815973,4.2142857142857135,4.0393939269033,118,4,18,0,1,0,0,1,0,4.4
2025-04-29,30.3,26.1,4.4,15.2,2.79,1.7,6.9,14.7,2.9857142857142853,3.0196183927932436,4.235714285714286,4.039536748546436,119,4,18,0,1,0,0,1,0,0.0
2025-04-30,31.8,24.9,0.0,12.3,4.32,4.4,1.0,6.8,2.0142857142857142,2.66046898837315,3.8285714285714287,4.165873917259795,120,4,18,0,1,0,0,1,0,3.5
2025-05-01,30.7,24.9,3.5,10.1,3.18,0.0,1.7,0.0,2.5142857142857147,2.5452102542020474,3.8285714285714287,4.165873917259795,121,5,18,0,1,0,0,0,0,21.2
2025-05-02,30.1,24.8,21.2,8.1,3.18,3.5,4.4,0.1,5.528571428571429,7.286909332429465,5.328571428571428,6.093556315603274,122,5,18,0,1,0,0,0,0,0.0
2025-05-03,31.3,24.7,0.0,10.0,4.58,21.2,0.0,6.9,4.542857142857143,7.533006735440403,5.071428571428571,6.246159259457404,123,5,18,0,1,0,0,0,0,5.2
2025-05-04,31.2,26.9,5.2,11.9,4.26,0.0,3.5,1.0,5.142857142857143,7.36927340218766,4.864285714285714,6.1857910560421425,124,5,18,0,1,0,0,0,0,3.7
2025-05-05,31.2,27.0,3.7,13.3,4.52,5.2,21.2,1.7,5.428571428571429,7.251370970539361,4.942857142857142,6.161757277534771,125,5,19,0,1,0,0,0,0,1.0
2025-05-06,31.5,25.6,1.0,13.2,4.67,3.7,0.0,4.4,4.942857142857143,7.443085637658875,3.9642857142857144,5.550551898111245,126,5,19,0,1,0,0,0,0,7.3
2025-05-07,31.9,26.9,7.3,10.2,4.88,1.0,5.2,0.0,5.985714285714286,7.140361468774667,4.0,5.571769502107509,127,5,19,0,1,0,0,0,0,11.5
2025-05-08,31.9,25.8,11.5,13.9,4.17,7.3,3.7,3.5,7.128571428571428,7.314304315452538,4.821428571428571,5.780494864552762,128,5,19,0,1,0,0,0,0,14.9
2025-05-09,29.7,26.9,14.9,14.8,3.96,11.5,1.0,21.2,6.228571428571429,5.442338432975997,5.878571428571428,6.189467302967636,129,5,19,0,1,0,0,0,0,0.9
2025-05-10,31.3,26.7,0.9,14.2,4.79,14.9,7.3,0.0,6.357142857142857,5.278843668474232,5.45,6.319657975165815,130,5,19,0,1,0,0,0,0,0.3
2025-05-11,32.1,26.5,0.3,12.4,4.84,0.9,11.5,5.2,5.657142857142857,5.760745652794479,5.3999999999999995,6.360212865329875,131,5,19,0,1,0,0,0,0,1.1
2025-05-12,31.7,27.0,1.1,13.8,4.82,0.3,14.9,3.7,5.285714285714286,5.987327887972668,5.357142857142857,6.389018738394841,132,5,20,0,1,0,0,0,0,8.1
2025-05-13,30.6,26.0,8.1,15.4,3.89,1.1,0.9,1.0,6.3,5.736433270479723,5.621428571428572,6.422817327122295,133,5,20,0,1,0,0,0,0,0.1
2025-05-14,31.7,25.8,0.1,13.9,4.96,8.1,0.3,7.3,5.271428571428571,6.157303058351195,5.628571428571428,6.416136936413775,134,5,20,0,1,0,0,0,0,1.7
2025-05-15,31.9,27.0,1.7,12.3,4.31,0.1,1.1,11.5,3.8714285714285714,5.593363414414828,5.5,6.479791069756205,135,5,20,0,1,0,0,0,0,10.8
2025-05-16,31.9,26.6,10.8,12.1,4.59,1.7,8.1,14.9,3.2857142857142856,4.314482808490714,4.757142857142857,4.959173982974035,136,5,20,0,1,0,0,0,0,26.8
2025-05-17,30.3,25.9,26.8,11.3,3.03,10.8,0.1,0.9,6.985714285714287,9.687522657423582,6.671428571428572,7.502146213064482,137,5,20,0,1,0,0,0,0,6.5
2025-05-18,29.5,25.2,6.5,10.4,2.15,26.8,1.7,0.3,7.871428571428572,9.247831148565647,6.764285714285714,7.490569162194975,138,5,20,0,1,0,0,0,0,0.0
2025-05-19,31.9,24.9,0.0,13.3,4.87,6.5,10.8,1.1,7.714285714285715,9.390319229828945,6.5,7.670121852406856,139,5,21,0,1,0,0,0,0,7.7
2025-05-20,30.4,25.6,7.7,15.9,3.37,0.0,26.8,8.1,7.657142857142858,9.388797782971142,6.978571428571429,7.507860349857806,140,5,21,0,1,0,0,0,0,2.4
2025-05-21,30.2,24.5,2.4,14.6,3.89,7.7,6.5,0.1,7.985714285714287,9.116546965349798,6.628571428571428,7.605304684275266,141,5,21,0,1,0,0,0,0,7.2
2025-05-22,30.7,25.2,7.2,8.9,4.19,2.4,0.0,1.7,8.771428571428572,8.712579848646879,6.321428571428571,7.479220297847645,142,5,21,0,1,0,0,0,0,10.6
2025-05-23,29.8,25.4,10.6,15.6,3.95,7.2,7.7,10.8,8.742857142857144,8.705143526072609,6.014285714285714,7.182227760548642,143,5,21,0,1,0,0,0,0,13.4
2025-05-24,29.9,25.6,13.4,16.1,3.07,10.6,2.4,26.8,6.828571428571428,4.558038425212575,6.9071428571428575,7.27392226071636,144,5,21,0,1,0,0,0,0,0.0
2025-05-25,31.6,25.1,0.0,10.6,4.48,13.4,7.2,6.5,5.8999999999999995,5.246268515176609,6.885714285714286,7.295294283393825,145,5,21,0,1,0,0,0,0,0.0
2025-05-26,31.5,26.8,0.0,16.5,4.61,0.0,10.6,0.0,5.8999999999999995,5.246268515176609,6.807142857142857,7.36796227812467,146,5,22,0,1,0,0,0,0,1.0
2025-05-27,30.1,25.7,1.0,13.8,3.87,0.0,13.4,7.7,4.942857142857142,5.4695694964220465,6.3,7.515010619778561,147,5,22,0,1,0,0,0,0,4.9
2025-05-28,30.1,24.7,4.9,14.1,3.95,1.0,0.0,2.4,5.3,5.356304696336836,6.642857142857144,7.317283468790675,148,5,22,0,1,0,0,0,0,17.9
2025-05-29,28.2,24.8,17.9,11.5,2.24,4.9,0.0,7.2,6.828571428571428,7.198776351046127,7.8,7.7439802924097565,149,5,22,0,1,0,0,0,0,5.7
2025-05-30,31.2,24.8,5.7,8.9,3.86,17.9,1.0,10.6,6.128571428571428,7.006595532238249,7.435714285714286,7.71188963602577,150,5,22,0,1,0,0,0,0,0.0
2025-05-31,31.0,26.3,0.0,13.5,4.79,5.7,4.9,13.4,4.214285714285714,6.501135431965861,5.521428571428571,5.561983399890661,151,5,22,0,1,0,0,0,0,0.8
2025-06-01,31.3,26.8,0.8,17.3,4.32,0.0,17.9,0.0,4.328571428571428,6.421244501837708,5.114285714285714,5.691945340412335,152,6,22,1,1,0,0,0,0,3.4
2025-06-02,30.3,26.1,3.4,14.9,3.86,0.8,5.7,0.0,4.814285714285715,6.162637036050011,5.357142857142857,5.527096091872399,153,6,23,1,1,0,0,0,0,21.5
2025-06-03,30.0,24.3,21.5,15.6,4.25,3.4,0.0,1.0,7.742857142857143,8.482306514711894,6.342857142857142,7.008973839708222,154,6,23,1,1,0,0,0,0,21.8
2025-06-04,29.7,24.1,21.8,9.9,3.06,21.5,0.8,4.9,10.157142857142858,9.835455783856206,7.728571428571429,8.015027095441367,155,6,23,1,1,0,0,0,0,5.9
2025-06-05,30.9,25.2,5.9,11.8,4.27,21.8,3.4,17.9,8.442857142857145,9.291726991049106,7.635714285714285,8.029139923558926,156,6,23,1,1,0,0,0,0,3.4
2025-06-06,29.8,25.1,3.4,12.1,3.79,5.9,21.5,5.7,8.114285714285716,9.444297851336643,7.121428571428572,8.05521126795744,157,6,23,1,1,0,0,0,0,10.8
2025-06-07,28.7,24.4,10.8,9.9,2.64,3.4,21.8,0.0,9.657142857142858,8.754781006752282,6.935714285714285,7.928294718466076,158,6,23,1,1,0,0,0,0,7.7
2025-06-08,30.6,25.3,7.7,14.1,4.07,10.8,5.9,0.8,10.642857142857144,7.94205203182342,7.485714285714286,7.673115618619547,159,6,23,1,1,0,0,0,0,17.8
2025-06-09,29.6,25.6,17.8,10.9,3.05,7.7,3.4,3.4,12.700000000000001,7.611394966320783,8.757142857142856,7.810812455102934,160,6,24,1,1,0,0,0,0,1.4
2025-06-10,29.7,24.7,1.4,11.0,4.09,17.8,10.8,21.5,9.828571428571427,7.529212948180417,8.785714285714286,7.7809290668182465,161,6,24,1,1,0,0,0,0,8.8
2025-06-11,30.0,25.6,8.8,12.6,3.5,1.4,7.7,21.8,7.971428571428572,5.38105141080387,9.064285714285713,7.700510187179618,162,6,24,1,1,0,0,0,0,4.2
2025-06-12,30.6,24.6,4.2,14.0,3.8,8.8,17.8,5.9,7.7285714285714295,5.526516167748086,8.085714285714285,7.354000182303412,163,6,24,1,1,0,0,0,0,1.8
2025-06-13,29.7,25.0,1.8,13.8,3.36,4.2,1.4,3.4,7.500000000000001,5.763390206004336,7.807142857142857,7.523242374413824,164,6,24,1,1,0,0,0,0,62.1
2025-06-14,27.6,24.4,62.1,12.8,1.75,1.8,8.8,10.8,14.828571428571431,21.577821506175756,12.242857142857144,16.045834076444613,165,6,24,1,1,0,0,0,0,21.8
2025-06-15,30.4,24.1,21.8,11.0,3.38,62.1,4.2,7.7,16.842857142857145,21.45925263865272,13.742857142857142,15.874494021529014,166,6,24,1,1,0,0,0,0,3.2
2025-06-16,29.7,24.7,3.2,13.0,3.47,21.8,1.8,17.8,14.757142857142858,22.052048819618943,13.72857142857143,15.884604475423973,167,6,25,1,1,0,0,0,0,2.4
2025-06-17,29.4,25.3,2.4,12.7,3.17,3.2,62.1,1.4,14.900000000000002,21.95411882388663,12.364285714285716,15.985695872481514,168,6,25,1,1,0,0,0,0,19.1
2025-06-18,29.1,24.3,19.1,12.2,3.47,2.4,21.8,8.8,16.371428571428574,21.821909043108814,12.171428571428573,15.879034487768337,169,6,25,1,1,0,0,0,0,24.4
2025-06-19,28.9,23.8,24.4,12.1,3.0,19.1,3.2,4.2,19.25714285714286,21.27281968011897,13.492857142857144,16.085419307115195,170,6,25,1,1,0,0,0,0,15.9
2025-06-20,29.5,24.1,15.9,14.0,3.42,24.4,2.4,1.8,21.271428571428572,19.97212342956337,14.385714285714286,15.826941837009697,171,6,25,1,1,0,0,0,0,3.4
2025-06-21,28.6,24.9,3.4,10.9,2.5,15.9,19.1,62.1,12.885714285714286,9.604587197693352,13.857142857142858,16.077490920094288,172,6,25,1,1,0,0,0,0,14.6
2025-06-22,28.1,24.5,14.6,11.7,3.19,3.4,24.4,21.8,11.85714285714286,8.84644130764024,14.349999999999998,15.979686624442438,173,6,25,1,1,0,0,0,0,6.1
2025-06-23,29.3,24.5,6.1,9.8,3.51,14.6,15.9,3.2,12.271428571428572,8.4316297921802,13.514285714285716,16.090936633963906,174,6,26,1,1,0,0,0,0,8.5
2025-06-24,28.5,24.4,8.5,11.8,3.38,6.1,3.4,2.4,13.142857142857142,7.50574383230538,14.021428571428572,15.788807066128477,175,6,26,1,1,0,0,0,0,3.3
2025-06-25,30.2,24.5,3.3,12.6,4.17,8.5,14.6,19.1,10.885714285714286,7.78619046162895,13.628571428571428,15.995789281097531,176,6,26,1,1,0,0,0,0,9.0
2025-06-26,29.2,25.0,9.0,11.7,2.59,3.3,6.1,24.4,8.685714285714287,5.013125628929349,13.971428571428572,15.828719204292923,177,6,26,1,1,0,0,0,0,3.4
2025-06-27,28.8,24.0,3.4,12.5,2.92,9.0,8.5,15.9,6.9,4.170531540862989,14.085714285714285,15.739604977100434,178,6,26,1,1,0,0,0,0,2.8
2025-06-28,28.9,24.0,2.8,15.2,4.3,3.4,3.3,3.4,6.814285714285716,4.2596668772054915,9.85,7.802243267163611,179,6,26,1,1,0,0,0,0,12.0
2025-06-29,28.5,25.2,12.0,15.2,3.55,2.8,9.0,14.6,6.442857142857144,3.516085485715161,9.15,7.051104659773306,180,6,26,1,1,0,0,0,0,13.5
2025-06-30,28.2,24.0,13.5,14.2,3.04,12.0,3.4,6.1,7.500000000000002,4.39772668545917,9.885714285714286,6.91863227288981,181,6,27,1,1,0,0,0,0,9.5
2025-07-01,29.4,23.9,9.5,15.0,3.94,13.5,2.8,8.5,7.642857142857145,4.451537989974945,10.392857142857142,6.57962639642126,182,7,27,0,1,0,0,0,1,3.0
2025-07-02,29.8,24.5,3.0,12.6,3.99,9.5,12.0,3.3,7.6000000000000005,4.501481237696435,9.242857142857144,6.343465964247016,183,7,27,0,1,0,0,0,1,14.0
2025-07-03,28.5,24.0,14.0,17.1,2.79,3.0,13.5,9.0,8.314285714285715,5.115476051952052,8.5,4.8696864533403,184,7,27,0,1,0,0,0,1,10.2
2025-07-04,26.7,23.9,10.2,14.9,2.54,14.0,9.5,3.4,9.285714285714286,4.651318297511107,8.092857142857143,4.421010028300042,185,7,27,0,1,0,0,0,1,5.6
2025-07-05,28.4,23.2,5.6,16.0,3.3,10.2,3.0,2.8,9.685714285714285,4.086738133454148,8.25,4.278164595675601,186,7,27,0,1,0,0,0,1,11.2
2025-07-06,28.1,24.3,11.2,14.5,3.6,5.6,14.0,12.0,9.571428571428571,4.021904310859969,8.007142857142856,3.975785222049602,187,7,27,0,1,0,0,0,1,16.0
2025-07-07,27.2,24.5,16.0,15.8,2.83,11.2,10.2,13.5,9.928571428571429,4.510252870115009,8.714285714285714,4.461261833030764,188,7,28,0,1,0,0,0,1,8.8
2025-07-08,28.4,24.1,8.8,18.0,2.61,16.0,5.6,9.5,9.828571428571427,4.529059610159782,8.735714285714286,4.460873861072007,189,7,28,0,1,0,0,0,1,4.7
2025-07-09,28.4,23.8,4.7,16.3,3.04,8.8,11.2,3.0,10.071428571428571,4.12985644856017,8.835714285714285,4.343803215343237,190,7,28,0,1,0,0,0,1,1.1
2025-07-10,28.6,24.0,1.1,13.9,3.29,4.7,16.0,14.0,8.22857142857143,4.892413952816544,8.27142857142857,4.809034537910188,191,7,28,0,1,0,0,0,1,2.4
2025-07-11,28.0,23.8,2.4,17.1,3.74,1.1,8.8,10.2,7.114285714285715,5.244180448023148,8.2,4.893637942031692,192,7,28,0,1,0,0,0,1,1.6
2025-07-12,27.2,24.1,1.6,22.7,3.6,2.4,4.7,5.6,6.542857142857144,5.639697729150932,8.114285714285714,5.00474500124356,193,7,28,0,1,0,0,0,1,0.8
2025-07-13,28.2,23.7,0.8,15.9,4.58,1.6,1.1,11.2,5.057142857142858,5.577890026063335,7.314285714285715,5.226096814266627,194,7,28,0,1,0,0,0,1,0.0
2025-07-14,29.5,22.6,0.0,11.5,4.33,0.8,2.4,16.0,2.7714285714285727,3.0532574330345303,6.3500000000000005,5.242393757406266,195,7,29,0,1,0,0,0,1,0.1
2025-07-15,28.7,23.5,0.1,13.8,4.47,0.0,1.6,8.8,1.5285714285714298,1.6286131991300437,5.678571428571429,5.4072854801403025,196,7,29,0,1,0,0,0,1,1.8
2025-07-16,27.3,24.4,1.8,17.6,2.66,0.1,0.8,4.7,1.1142857142857154,0.8877472827865353,5.5928571428571425,5.462243028381177,197,7,29,0,1,0,0,0,1,2.8
2025-07-17,27.7,24.1,2.8,18.1,3.93,1.8,0.0,1.1,1.357142857142858,1.0921799956311158,4.792857142857143,4.9305116423090345,198,7,29,0,1,0,0,0,1,0.2
2025-07-18,28.5,23.8,0.2,14.0,4.32,2.8,0.1,2.4,1.0428571428571438,1.0580755216540298,4.078571428571428,4.809794265779021,199,7,29,0,1,0,0,0,1,0.3
2025-07-19,28.6,23.6,0.3,14.3,4.07,0.2,1.8,1.6,0.8571428571428582,1.058075521654029,3.6999999999999997,4.888762624632114,200,7,29,0,1,0,0,0,1,1.0
2025-07-20,27.6,24.1,1.0,18.8,3.26,0.3,2.8,0.8,0.8857142857142867,1.0589752458996422,2.9714285714285715,4.4229173406471975,201,7,29,0,1,0,0,0,1,0.7
2025-07-21,28.3,24.3,0.7,22.3,4.08,1.0,0.2,0.0,0.9857142857142867,0.9923517041661902,1.8785714285714286,2.369738243068043,202,7,30,0,1,0,0,0,1,1.7
2025-07-22,27.9,24.2,1.7,18.3,3.71,0.7,0.3,0.1,1.2142857142857153,0.9370673604895637,1.3714285714285714,1.2868737141008932,203,7,30,0,1,0,0,0,1,3.3
2025-07-23,27.7,24.1,3.3,19.2,4.0,1.7,1.0,1.8,1.4285714285714295,1.221630448368325,1.2714285714285716,1.0388074312021214,204,7,30,0,1,0,0,0,1,0.7
2025-07-24,28.2,23.9,0.7,18.8,4.29,3.3,0.7,2.8,1.1285714285714297,1.0781377242173615,1.2428571428571427,1.0493325979396486,205,7,30,0,1,0,0,0,1,0.3
2025-07-25,28.0,23.7,0.3,16.1,3.34,0.7,1.7,0.2,1.142857142857144,1.0643576198143094,1.092857142857143,1.020907805461697,206,7,30,0,1,0,0,0,1,0.2
2025-07-26,28.3,23.9,0.2,17.7,4.16,0.3,3.3,0.3,1.1285714285714294,1.0781377242173615,0.9928571428571428,1.0358677415683184,207,7,30,0,1,0,0,0,1,1.3
2025-07-27,27.3,24.1,1.3,17.6,3.53,0.2,0.7,1.0,1.1714285714285724,1.0781377242173618,1.0285714285714287,1.0373253858090172,208,7,30,0,1,0,0,0,1,0.0
2025-07-28,27.7,23.9,0.0,15.3,3.0,1.3,0.3,0.7,1.0714285714285725,1.1586116486470308,1.0285714285714287,1.0373253858090172,209,7,31,0,1,0,0,0,1,0.2
2025-07-29,27.3,23.7,0.2,15.8,2.85,0.0,0.2,1.7,0.8571428571428582,1.1616900660345881,1.0357142857142856,1.0307630801849657,210,7,31,0,1,0,0,0,1,0.2
2025-07-30,27.6,24.1,0.2,15.2,3.1,0.2,1.3,3.3,0.4142857142857153,0.4450789122109359,0.9214285714285715,1.0282012459619334,211,7,31,0,1,0,0,0,1,2.7
2025-07-31,27.8,24.1,2.7,19.2,2.58,0.2,0.0,0.7,0.7000000000000011,0.9797958971130849,0.9142857142857143,1.0144017887458892,212,7,31,0,1,0,0,0,1,3.7
2025-08-01,29.3,23.7,3.7,14.4,4.0,2.7,0.2,0.3,1.1857142857142868,1.46904568958725,1.1642857142857144,1.2326376614380543,213,8,31,0,0,1,0,0,0,1.8
2025-08-02,29.1,23.8,1.8,13.4,3.02,3.7,0.2,0.2,1.4142857142857153,1.413539966925195,1.2714285714285716,1.216823463226779,214,8,31,0,0,1,0,0,0,11.2
2025-08-03,28.0,24.3,11.2,16.9,3.16,1.8,2.7,1.3,2.8285714285714296,3.952515775095731,2.0,2.913100383809957,215,8,31,0,0,1,0,0,0,33.1
2025-08-04,26.1,23.6,33.1,19.9,1.56,11.2,3.7,0.0,7.557142857142858,11.87137413316266,4.314285714285715,8.774338208036596,216,8,32,0,0,1,0,0,0,3.1
2025-08-05,27.4,23.6,3.1,15.1,3.17,33.1,1.8,0.2,7.971428571428573,11.619769688726509,4.414285714285714,8.750196230138725,217,8,32,0,0,1,0,0,0,4.3
2025-08-06,26.9,23.9,4.3,15.8,2.67,3.1,11.2,0.2,8.557142857142859,11.260529463996066,4.485714285714286,8.744480205588777,218,8,32,0,0,1,0,0,0,1.5
2025-08-07,27.9,23.6,1.5,18.9,3.58,4.3,33.1,2.7,8.385714285714288,11.373130406273155,4.542857142857143,8.72041938703146,219,8,32,0,0,1,0,0,0,2.7
2025-08-08,27.6,23.8,2.7,19.2,3.81,1.5,3.1,3.7,8.242857142857146,11.447831984391494,4.714285714285714,8.653932600300822,220,8,32,0,0,1,0,0,0,3.4
2025-08-09,27.5,23.7,3.4,12.2,2.3,2.7,4.3,1.8,8.471428571428573,11.312929812934431,4.942857142857143,8.567354343060657,221,8,32,0,0,1,0,0,0,0.7
2025-08-10,28.2,23.5,0.7,15.1,4.02,3.4,1.5,11.2,6.971428571428573,11.583711881447185,4.8999999999999995,8.588453787588215,222,8,32,0,0,1,0,0,0,0.2
2025-08-11,27.6,23.8,0.2,14.1,2.87,0.7,2.7,33.1,2.2714285714285736,1.5063358254543633,4.914285714285714,8.579838365238954,223,8,33,0,0,1,0,0,0,0.7
2025-08-12,27.0,23.9,0.7,14.7,3.13,0.2,3.4,3.1,1.9285714285714306,1.5585402205420544,4.95,8.559722317566502,224,8,33,0,0,1,0,0,0,1.4
2025-08-13,26.9,23.5,1.4,14.8,3.24,0.7,0.7,4.3,1.5142857142857162,1.1567606658660603,5.035714285714286,8.51438666139729,225,8,33,0,0,1,0,0,0,0.7
2025-08-14,27.6,23.2,0.7,16.2,3.8,1.4,0.2,1.5,1.4000000000000021,1.1972189997377196,4.892857142857143,8.57316603269619,226,8,33,0,0,1,0,0,0,1.6
2025-08-15,27.8,23.3,1.6,15.7,3.39,0.7,0.7,2.7,1.2428571428571449,1.0627905765123535,4.742857142857143,8.613916672429582,227,8,33,0,0,1,0,0,0,3.1
2025-08-16,27.2,24.0,3.1,18.9,3.66,1.6,1.4,3.4,1.2000000000000017,0.9626352718793957,4.835714285714286,8.586716677328022,228,8,33,0,0,1,0,0,0,1.7
2025-08-17,27.3,23.6,1.7,19.1,4.2,3.1,0.7,0.7,1.342857142857145,0.9501879513321537,4.1571428571428575,8.418817227882037,229,8,33,0,0,1,0,0,0,1.3
2025-08-18,27.5,23.7,1.3,15.9,3.88,1.7,1.6,0.2,1.500000000000002,0.8103497187426675,1.8857142857142857,1.2290441206683052,230,8,34,0,0,1,0,0,0,0.9
2025-08-19,27.3,23.0,0.9,15.3,3.55,1.3,3.1,0.7,1.5285714285714305,0.7804150299983162,1.7285714285714284,1.202195793236111,231,8,34,0,0,1,0,0,0,0.6
2025-08-20,28.1,24.0,0.6,14.4,4.02,0.9,1.7,1.4,1.4142857142857161,0.8571825387638025,1.4642857142857142,0.9794874192124576,232,8,34,0,0,1,0,0,0,5.4
2025-08-21,26.7,24.1,5.4,15.6,2.72,0.6,1.3,0.7,2.085714285714288,1.664760815080722,1.7428571428571427,1.4377944036796861,233,8,34,0,0,1,0,0,0,3.5
2025-08-22,28.4,23.9,3.5,17.8,4.12,5.4,0.9,1.6,2.357142857142859,1.7261297197845447,1.8,1.4935759876113126,234,8,34,0,0,1,0,0,0,1.2
2025-08-23,27.8,23.8,1.2,18.8,4.22,3.5,0.6,3.1,2.0857142857142876,1.7391842641771926,1.6428571428571428,1.4265150034068803,235,8,34,0,0,1,0,0,0,0.6
2025-08-24,28.1,24.3,0.6,18.4,3.84,1.2,5.4,1.7,1.9285714285714306,1.8273061098369032,1.635714285714286,1.4318396681069818,236,8,34,0,0,1,0,0,0,0.2
2025-08-25,28.3,24.0,0.2,16.7,3.74,0.6,3.5,1.3,1.7714285714285734,1.9345234432233198,1.6357142857142857,1.4318396681069818,237,8,35,0,0,1,0,0,0,0.3
2025-08-26,27.4,23.7,0.3,20.4,3.38,0.2,1.2,0.9,1.685714285714288,1.992007840871841,1.6071428571428572,1.4557389272035357,238,8,35,0,0,1,0,0,0,1.2
2025-08-27,27.4,23.5,1.2,17.1,4.2,0.3,0.6,0.6,1.7714285714285734,1.949969474730466,1.592857142857143,1.4589059576979149,239,8,35,0,0,1,0,0,0,0.9
2025-08-28,28.1,22.7,0.9,14.0,3.81,1.2,0.2,5.4,1.1285714285714306,1.1190982764621715,1.6071428571428572,1.45044517607219,240,8,35,0,0,1,0,0,0,0.6
2025-08-29,28.2,23.8,0.6,16.9,4.09,0.9,0.3,3.5,0.7142857142857163,0.4017817460117103,1.5357142857142858,1.4752351274690276,241,8,35,0,0,1,0,0,0,13.6
2025-08-30,27.5,23.8,13.6,18.0,3.56,0.6,1.2,1.2,2.4857142857142875,4.9127143113315235,2.2857142857142856,3.5465817004887445,242,8,35,0,0,1,0,0,0,0.8
2025-08-31,28.0,23.4,0.8,17.5,4.36,13.6,0.9,0.6,2.514285714285716,4.900485884558956,2.221428571428571,3.566118029762571,243,8,35,0,0,1,0,0,0,0.2
2025-09-01,28.3,23.2,0.2,14.1,4.28,0.8,0.6,0.2,2.5142857142857165,4.900485884558956,2.142857142857143,3.59993894942127,244,9,36,1,1,0,0,1,0,0.2
2025-09-02,28.4,23.7,0.2,17.6,3.93,0.2,13.6,0.3,2.500000000000002,4.9081564767231765,2.092857142857143,3.623314310601065,245,9,36,1,1,0,0,1,0,1.5
2025-09-03,27.9,24.1,1.5,19.0,4.26,0.2,0.8,1.2,2.542857142857145,4.896208445609399,2.1571428571428575,3.6027157034049075,246,9,36,1,1,0,0,1,0,0.5
2025-09-04,28.6,23.6,0.5,15.3,4.39,1.5,0.2,0.9,2.485714285714288,4.920849713693923,1.8071428571428572,3.499992150697617,247,9,36,1,1,0,0,1,0,1.0
2025-09-05,28.7,23.3,1.0,12.9,4.43,0.5,0.2,0.6,2.542857142857145,4.897569854140943,1.6285714285714286,3.470630306626535,248,9,36,1,1,0,0,1,0,0.9
2025-09-06,29.2,23.7,0.9,12.7,4.26,1.0,1.5,13.6,0.728571428571431,0.4680252333445967,1.6071428571428572,3.474404051989836,249,9,36,1,1,0,0,1,0,0.5
2025-09-07,29.2,24.5,0.5,15.0,4.14,0.9,0.5,0.8,0.685714285714288,0.474090608176907,1.5999999999999999,3.4767358697048274,250,9,36,1,1,0,0,1,0,8.4
2025-09-08,28.8,24.6,8.4,14.0,3.1,0.5,1.0,0.2,1.8571428571428596,2.9159659022109294,2.185714285714286,3.889009591707827,251,9,37,1,1,0,0,1,0,9.3
2025-09-09,27.6,23.8,9.3,13.8,2.59,8.4,0.9,0.2,3.1571428571428592,3.912312676178905,2.8285714285714287,4.277747173351969,252,9,37,1,1,0,0,1,0,1.9
2025-09-10,28.9,24.1,1.9,13.8,3.96,9.3,0.5,1.5,3.2142857142857166,3.886913330406906,2.878571428571429,4.261306872748798,253,9,37,1,1,0,0,1,0,3.4
2025-09-11,29.2,24.5,3.4,13.8,4.04,1.9,8.4,0.5,3.628571428571431,3.6994208040873042,3.057142857142857,4.224236714978897,254,9,37,1,1,0,0,1,0,8.9
2025-09-12,26.4,24.6,8.9,16.6,2.41,3.4,9.3,1.0,4.75714285714286,3.9597378460604546,3.650000000000001,4.430271740233049,255,9,37,1,1,0,0,1,0,9.2
2025-09-13,27.9,23.9,9.2,15.5,3.52,8.9,1.9,0.9,5.942857142857146,3.853507987473686,3.335714285714286,3.778198012251356,256,9,37,1,1,0,0,1,0,7.4
2025-09-14,28.4,23.5,7.4,12.8,3.53,9.2,3.4,0.5,6.9285714285714315,3.0219829503788813,3.807142857142857,3.848569021920147,257,9,37,1,1,0,0,1,0,24.1
2025-09-15,27.9,24.0,24.1,13.7,2.99,7.4,8.9,8.4,9.171428571428574,7.2142715700002595,5.514285714285714,6.5076117730708924,258,9,38,1,1,0,0,1,0,40.0
2025-09-16,26.9,23.2,40.0,11.5,1.42,24.1,9.2,9.3,13.55714285714286,13.711413389685868,8.357142857142858,11.088505086572534,259,9,38,1,1,0,0,1,0,10.7
2025-09-17,28.3,24.0,10.7,12.0,3.24,40.0,7.4,1.9,14.814285714285717,12.840226967286378,9.014285714285714,10.922232593896027,260,9,38,1,1,0,0,1,0,4.5
2025-09-18,27.7,23.7,4.5,11.7,3.09,10.7,24.1,3.4,14.971428571428575,12.683022022335505,9.299999999999999,10.733054622914272,261,9,38,1,1,0,0,1,0,2.2
2025-09-19,29.1,24.0,2.2,14.5,4.32,4.5,40.0,8.9,14.014285714285718,13.447357679909773,9.385714285714286,10.66625571552693,262,9,38,1,1,0,0,1,0,1.0
2025-09-20,29.5,23.5,1.0,14.5,3.92,2.2,10.7,9.2,12.842857142857147,14.268713693819436,9.392857142857142,10.660167720264806,263,9,38,1,1,0,0,1,0,3.4
2025-09-21,28.7,24.1,3.4,14.6,3.29,1.0,4.5,7.4,12.271428571428574,14.59928243507356,9.6,10.501062217333425,264,9,38,1,1,0,0,1,0,6.4
2025-09-22,28.5,24.7,6.4,12.6,2.71,3.4,2.2,24.1,9.742857142857146,13.715181022363147,9.457142857142857,10.532200755172333,265,9,39,1,1,0,0,1,0,11.2
2025-09-23,30.0,24.5,11.2,10.1,3.13,6.4,1.0,40.0,5.628571428571432,4.016098556938974,9.592857142857143,10.542256676071577,266,9,39,1,1,0,0,1,0,19.6
2025-09-24,26.7,23.6,19.6,11.1,1.67,11.2,3.4,10.7,6.900000000000004,6.518435395092884,10.857142857142858,10.609844070899022,267,9,39,1,1,0,0,1,0,8.4
2025-09-25,28.2,24.0,8.4,12.6,3.25,19.6,6.4,4.5,7.457142857142861,6.445374864416876,11.214285714285714,10.42200756851777,268,9,39,1,1,0,0,1,0,1.5
2025-09-26,28.8,23.9,1.5,15.0,4.15,8.4,11.2,2.2,7.35714285714286,6.545190891755835,10.685714285714285,10.73146754197186,269,9,39,1,1,0,0,1,0,1.4
2025-09-27,28.9,24.6,1.4,13.6,4.16,1.5,19.6,1.0,7.414285714285717,6.481879504029802,10.12857142857143,11.013308632421365,270,9,39,1,1,0,0,1,0,17.5
2025-09-28,29.0,24.7,17.5,13.9,3.14,1.4,8.4,3.4,9.428571428571432,7.179766543492022,10.85,11.150767479622886,271,9,39,1,1,0,0,1,0,12.7
2025-09-29,27.9,23.7,12.7,11.8,2.23,17.5,1.5,6.4,10.328571428571433,7.131552959843135,10.035714285714286,10.506379537643351,272,9,40,1,1,0,0,1,0,7.0
2025-09-30,29.5,23.6,7.0,11.3,3.18,12.7,1.4,11.2,9.728571428571431,7.222122099428074,7.678571428571429,6.003611550421258,273,9,40,1,1,0,0,1,0,6.6
2025-10-01,27.4,23.3,6.6,9.6,1.93,7.0,17.5,19.6,7.8714285714285745,5.790139401233275,7.385714285714285,5.94459769523907,274,10,40,1,1,0,0,0,0,3.6
2025-10-02,29.4,23.7,3.6,11.4,3.85,6.6,12.7,8.4,7.185714285714289,5.997618575020281,7.321428571428571,5.982947379064874,275,10,40,1,1,0,0,0,0,2.6
2025-10-03,28.8,24.4,2.6,11.5,3.7,3.6,7.0,1.5,7.342857142857146,5.8360537874083676,7.35,5.957509805021136,276,10,40,1,1,0,0,0,0,1.6
2025-10-04,29.7,25.2,1.6,15.7,4.27,2.6,6.6,1.4,7.3714285714285745,5.802503564759556,7.392857142857143,5.910286246577522,277,10,40,1,1,0,0,0,0,20.4
2025-10-05,27.4,23.7,20.4,12.4,1.84,1.6,3.6,17.5,7.785714285714287,6.68292066176371,8.607142857142858,6.717996986936166,278,10,40,1,1,0,0,0,0,10.2
2025-10-06,29.0,23.2,10.2,11.0,3.35,20.4,2.6,12.7,7.428571428571431,6.438870057630248,8.878571428571428,6.698700054307724,279,10,41,1,1,0,0,0,0,18.1
2025-10-07,27.4,23.3,18.1,10.6,2.03,10.2,1.6,7.0,9.014285714285716,7.581211110684206,9.37142857142857,7.123031827640693,280,10,41,1,1,0,0,0,0,4.0
2025-10-08,28.1,23.3,4.0,14.4,3.38,18.1,20.4,6.6,8.642857142857146,7.780286443496594,8.257142857142856,6.600899039666341,281,10,41,1,1,0,0,0,0,0.8
2025-10-09,29.7,23.5,0.8,11.7,4.25,4.0,10.2,3.6,8.242857142857146,8.146135513820251,7.7142857142857135,6.894240309892696,282,10,41,1,1,0,0,0,0,17.4
2025-10-10,29.6,24.5,17.4,12.2,3.14,0.8,18.1,2.6,10.35714285714286,8.355408855517299,8.85,7.098401770279532,283,10,41,1,1,0,0,0,0,3.0
2025-10-11,29.2,24.4,3.0,11.0,2.71,17.4,4.0,1.6,10.55714285714286,8.12441939317452,8.964285714285714,6.981140213555274,284,10,41,1,1,0,0,0,0,1.4
2025-10-12,29.5,24.0,1.4,10.5,3.54,3.0,0.8,20.4,7.842857142857146,7.432329635418731,7.814285714285715,6.790361624318022,285,10,41,1,1,0,0,0,0,12.3
2025-10-13,29.8,24.5,12.3,11.2,3.99,1.4,17.4,10.2,8.142857142857146,7.584162696667545,7.785714285714286,6.769030966082229,286,10,42,1,1,0,0,0,0,1.7
2025-10-14,28.8,24.3,1.7,9.8,3.02,12.3,3.0,18.1,5.800000000000003,6.442825467137821,7.4071428571428575,6.961815002703536,287,10,42,1,1,0,0,0,0,2.8
2025-10-15,29.7,24.4,2.8,10.7,3.83,1.7,1.4,4.0,5.628571428571432,6.5142700501064565,7.135714285714286,7.068957832323287,288,10,42,1,1,0,0,0,0,13.0
2025-10-16,29.9,23.7,13.0,10.8,3.92,2.8,12.3,0.8,7.3714285714285745,6.637950056484355,7.807142857142857,7.153209530931308,289,10,42,1,1,0,0,0,0,1.9
2025-10-17,30.0,24.5,1.9,8.9,4.31,13.0,1.7,17.4,5.157142857142859,5.1545633965956315,7.757142857142857,7.194732505394189,290,10,42,1,1,0,0,0,0,9.7
2025-10-18,30.0,24.9,9.7,9.7,4.0,1.9,2.8,3.0,6.114285714285718,5.307048323198273,8.335714285714285,6.984114628416193,291,10,42,1,1,0,0,0,0,4.2
2025-10-19,30.0,25.0,4.2,13.7,4.27,9.7,13.0,1.4,6.514285714285718,4.988462879962284,7.178571428571429,6.120102886443925,292,10,42,1,1,0,0,0,0,0.6
2025-10-20,29.9,25.6,0.6,14.6,4.32,4.2,1.9,12.3,4.842857142857146,4.6771989989939655,6.492857142857142,6.2909537354123675,293,10,43,1,1,0,0,0,0,0.1
2025-10-21,31.3,24.7,0.1,12.6,4.59,0.6,9.7,1.7,4.6142857142857165,4.890612971611525,5.207142857142857,5.529565887219251,294,10,43,1,1,0,0,0,0,2.6
2025-10-22,30.2,25.2,2.6,12.5,4.16,0.1,4.2,2.8,4.585714285714289,4.903545850174298,5.107142857142857,5.565617566910146,295,10,43,1,1,0,0,0,0,2.2
2025-10-23,29.1,24.4,2.2,12.4,3.33,2.6,0.6,13.0,3.042857142857146,3.2274123498849874,5.207142857142857,5.494397746196257,296,10,43,1,1,0,0,0,0,6.0
2025-10-24,29.7,24.6,6.0,10.7,3.78,2.2,0.1,1.9,3.6285714285714312,3.3549536935275204,4.392857142857143,4.2528658727813236,297,10,43,1,1,0,0,0,0,0.4
2025-10-25,29.8,24.5,0.4,11.4,3.81,6.0,2.6,9.7,2.3000000000000034,2.18860686282385,4.207142857142857,4.373427503899893,298,10,43,1,1,0,0,0,0,3.9
2025-10-26,30.8,25.4,3.9,9.3,3.9,0.4,2.2,4.2,2.2571428571428602,2.147756304345723,4.385714285714286,4.30042165067872,299,10,43,1,1,0,0,0,0,2.9
2025-10-27,30.0,26.1,2.9,15.6,4.22,3.9,6.0,0.6,2.585714285714289,2.0243752710638647,3.7142857142857144,3.655103311779317,300,10,44,1,1,0,0,0,0,15.1
2025-10-28,30.3,25.9,15.1,13.7,4.04,2.9,0.4,0.1,4.728571428571432,4.879793125981943,4.671428571428572,4.693928741786239,301,10,44,1,1,0,0,0,0,0.2
2025-10-29,30.5,25.3,0.2,7.7,3.45,15.1,3.9,2.6,4.385714285714289,5.1320653969035614,4.485714285714286,4.823317904139796,302,10,44,1,1,0,0,0,0,3.4
2025-10-30,30.1,25.9,3.4,9.1,3.09,0.2,2.9,2.2,4.5571428571428605,5.066510022641175,3.8,4.155996594357075,303,10,44,1,1,0,0,0,0,19.3
2025-10-31,29.4,25.9,19.3,9.7,3.19,3.4,15.1,6.0,6.45714285714286,7.572066460101243,5.042857142857143,5.814797342287007,304,10,44,1,1,0,0,0,0,3.8
2025-11-01,29.9,24.9,3.8,11.0,3.97,19.3,0.2,0.4,6.942857142857146,7.219616135422772,4.621428571428572,5.663130225947826,305,11,44,0,0,0,1,0,1,2.1
2025-11-02,30.1,24.7,2.1,11.5,4.17,3.8,3.4,3.9,6.6857142857142895,7.3764102767828925,4.4714285714285715,5.702823669218409,306,11,44,0,0,0,1,0,1,4.7
2025-11-03,29.2,25.2,4.7,9.9,3.24,2.1,19.3,2.9,6.942857142857146,7.252782717195989,4.764285714285714,5.592936086344451,307,11,45,0,0,0,1,0,1,3.4
2025-11-04,30.8,24.7,3.4,10.7,4.15,4.7,3.8,15.1,5.271428571428574,6.351827633501554,5.0,5.448923676357483,308,11,45,0,0,0,1,0,1,8.9
2025-11-05,29.5,24.6,8.9,11.9,3.59,3.4,2.1,0.2,6.514285714285718,6.0375018485652046,5.45,5.495417671534649,309,11,45,0,0,0,1,0,1,5.5
2025-11-06,30.1,25.1,5.5,12.4,4.0,8.9,4.7,3.4,6.814285714285718,5.907743103032516,5.685714285714285,5.415484514563073,310,11,45,0,0,0,1,0,1,6.7
2025-11-07,30.4,24.6,6.7,11.3,3.38,5.5,3.4,19.3,5.014285714285718,2.267471845785134,5.735714285714286,5.421837205350101,311,11,45,0,0,0,1,0,1,0.6
2025-11-08,30.5,24.7,0.6,11.0,4.23,6.7,8.9,3.8,4.55714285714286,2.8106091527502497,5.75,5.406939984871287,312,11,45,0,0,0,1,0,1,0.9
2025-11-09,29.5,25.6,0.9,12.3,3.97,0.6,5.5,2.1,4.385714285714289,3.0146467849641865,5.535714285714286,5.543618249546339,313,11,45,0,0,0,1,0,1,0.4
2025-11-10,30.9,24.7,0.4,10.8,4.3,0.9,6.7,4.7,3.7714285714285745,3.358429338105431,5.3571428571428585,5.673787811671145,314,11,46,0,0,0,1,0,1,3.0
2025-11-11,30.5,25.7,3.0,11.7,4.04,0.4,0.6,3.4,3.7142857142857175,3.3691881175482368,4.492857142857143,4.951062711986377,315,11,46,0,0,0,1,0,1,1.1
2025-11-12,30.5,25.5,1.1,13.5,4.02,3.0,0.9,8.9,2.6000000000000036,2.561249694973071,4.557142857142858,4.89657875628315,316,11,46,0,0,0,1,0,1,2.4
2025-11-13,30.4,23.2,2.4,10.9,3.79,1.1,0.4,5.5,2.15714285714286,2.2217539189095903,4.485714285714286,4.9219847689660705,317,11,46,0,0,0,1,0,1,0.2
2025-11-14,31.3,24.8,0.2,11.4,3.65,2.4,3.0,6.7,1.2285714285714315,1.0625665245278795,3.1214285714285714,2.5985731503235248,318,11,46,0,0,0,1,0,1,0.1
2025-11-15,31.2,25.2,0.1,12.8,3.89,0.2,1.1,0.6,1.1571428571428601,1.1267314717906156,2.857142857142857,2.710013989664211,319,11,46,0,0,0,1,0,1,1.2
2025-11-16,30.0,23.8,1.2,10.9,4.01,0.1,2.4,0.9,1.200000000000003,1.1210114480531874,2.792857142857143,2.739866444166219,320,11,46,0,0,0,1,0,1,1.4
2025-11-17,29.7,24.1,1.4,15.9,3.82,1.2,0.2,0.4,1.3428571428571456,1.0643576198143092,2.557142857142857,2.704899908773599,321,11,47,0,0,0,1,0,1,1.3
2025-11-18,30.9,25.2,1.3,10.2,4.2,1.4,0.1,3.0,1.100000000000003,0.7788880963696282,2.4071428571428575,2.712780091377798,322,11,47,0,0,0,1,0,1,1.0
2025-11-19,31.8,25.2,1.0,14.2,4.12,1.3,1.2,1.1,1.0857142857142887,0.7798046153331452,1.842857142857143,1.9813415368669265,323,11,47,0,0,0,1,0,1,0.4
2025-11-20,30.9,25.3,0.4,12.7,3.98,1.0,1.4,2.4,0.800000000000003,0.550757054728278,1.4785714285714284,1.7070796346746062,324,11,47,0,0,0,1,0,1,1.9
2025-11-21,30.8,25.6,1.9,16.2,3.38,0.4,1.3,0.2,1.042857142857146,0.6133436852125506,1.1357142857142857,0.8390536270173057,325,11,47,0,0,0,1,0,1,3.2
2025-11-22,30.7,25.1,3.2,15.7,3.75,1.9,1.0,0.1,1.4857142857142889,0.8802056036867436,1.3214285714285714,0.9861959326535092,326,11,47,0,0,0,1,0,1,1.4
2025-11-23,31.0,24.7,1.4,9.9,4.17,3.2,0.4,1.2,1.5142857142857176,0.8725987459469624,1.3571428571428572,0.9787859715085242,327,11,47,0,0,0,1,0,1,0.1
2025-11-24,31.4,24.8,0.1,11.4,4.12,1.4,1.9,1.4,1.3285714285714316,1.0258562045338473,1.3357142857142856,1.0043039249282466,328,11,48,0,0,0,1,0,1,0.5
2025-11-25,31.7,25.2,0.5,13.0,4.1,0.1,3.2,1.3,1.2142857142857173,1.0730463976120552,1.157142857142857,0.9027430724990151,329,11,48,0,0,0,1,0,1,2.0
2025-11-26,31.4,25.9,2.0,12.7,3.93,0.5,1.4,1.0,1.35714285714286,1.1058287131634725,1.2214285714285713,0.9299946827213674,330,11,48,0,0,0,1,0,1,2.8
2025-11-27,31.3,26.2,2.8,14.9,3.99,2.0,0.1,0.4,1.700000000000003,1.1313708498983177,1.25,0.974087344053941,331,11,48,0,0,0,1,0,1,3.0
2025-11-28,30.9,25.7,3.0,11.3,3.9,2.8,0.5,1.9,1.85714285714286,1.235390819210714,1.45,1.0278805677404204,332,11,48,0,0,0,1,0,1,1.8
2025-11-29,30.7,25.0,1.8,9.8,3.5,3.0,2.0,3.2,1.6571428571428601,1.0860588425695223,1.5714285714285714,0.9538816016099786,333,11,48,0,0,0,1,0,1,3.2
2025-11-30,30.6,24.9,3.2,10.7,3.63,1.8,2.8,1.4,1.9142857142857175,1.2198750911855203,1.7142857142857142,1.0398647418383749,334,11,48,0,0,0,1,0,1,1.3
2025-12-01,30.1,25.2,1.3,13.4,3.87,3.2,3.0,0.1,2.085714285714289,0.9839183086490885,1.7071428571428573,1.0425296791305465,335,12,49,0,0,0,1,0,0,1.3
2025-12-02,32.1,25.6,1.3,14.0,4.07,1.3,1.8,0.5,2.2000000000000033,0.7979139469054995,1.7071428571428573,1.0425296791305465,336,12,49,0,0,0,1,0,0,7.6
2025-12-03,31.2,26.1,7.6,17.0,3.7,1.3,3.2,2.0,3.000000000000003,2.177919496522538,2.1785714285714284,1.86554944326722,337,12,49,0,0,0,1,0,0,0.9
2025-12-04,31.8,26.1,0.9,12.2,3.45,7.6,1.3,2.8,2.7285714285714313,2.320714175790275,2.2142857142857144,1.833389942515937,338,12,49,0,0,0,1,0,0,1.1
2025-12-05,30.8,25.7,1.1,12.6,3.75,0.9,1.3,3.0,2.45714285714286,2.3936423729378324,2.1571428571428575,1.8562635280892084,339,12,49,0,0,0,1,0,0,1.6
2025-12-06,30.9,25.3,1.6,13.5,3.79,1.1,7.6,1.8,2.4285714285714315,2.403964978748082,2.042857142857143,1.8362647227096753,340,12,49,0,0,0,1,0,0,4.3
2025-12-07,31.1,25.4,4.3,14.7,3.74,1.6,0.9,3.2,2.585714285714289,2.4969505210879834,2.25,1.9198357301522284,341,12,49,0,0,0,1,0,0,2.1
2025-12-08,30.4,24.5,2.1,11.1,3.53,4.3,1.1,1.3,2.700000000000003,2.4460853078609057,2.392857142857143,1.8193254395365788,342,12,50,0,0,0,1,0,0,1.5
2025-12-09,30.4,24.3,1.5,12.3,3.63,2.1,1.6,1.3,2.7285714285714313,2.4281091997095055,2.4642857142857144,1.757886468223914,343,12,50,0,0,0,1,0,0,0.4
2025-12-10,30.3,25.5,0.4,12.7,3.6,1.5,4.3,7.6,1.700000000000003,1.2688577540448118,2.3500000000000005,1.8404639883213152,344,12,50,0,0,0,1,0,0,14.2
2025-12-11,30.1,24.0,14.2,10.2,2.87,0.4,2.1,0.9,3.6000000000000028,4.830458915396443,3.164285714285714,3.66870489469997,345,12,50,0,0,0,1,0,0,1.2
2025-12-12,30.4,25.0,1.2,11.7,3.67,14.2,1.5,1.1,3.6142857142857174,4.821973514177388,3.0357142857142856,3.7062539957912484,346,12,50,0,0,0,1,0,0,4.9
2025-12-13,30.5,25.5,4.9,11.2,3.83,1.2,0.4,1.6,4.085714285714289,4.753044137332224,3.257142857142857,3.7193287826443235,347,12,50,0,0,0,1,0,0,3.2
2025-12-14,31.6,25.5,3.2,13.6,3.97,4.9,14.2,4.3,3.9285714285714315,4.762952265739595,3.257142857142857,3.7193287826443235,348,12,50,0,0,0,1,0,0,2.5
2025-12-15,30.0,25.9,2.5,10.8,3.45,3.2,1.2,2.1,3.9857142857142884,4.739700613410256,3.3428571428571425,3.6844192289891455,349,12,51,0,0,0,1,0,0,1.5
2025-12-16,30.2,25.8,1.5,11.3,3.71,2.5,4.9,1.5,3.9857142857142884,4.739700613410256,3.357142857142857,3.676267815998308,350,12,51,0,0,0,1,0,0,1.1
2025-12-17,30.1,25.1,1.1,12.2,3.69,1.5,3.2,0.4,4.085714285714289,4.658121428010963,2.892857142857143,3.5057017920731606,351,12,51,0,0,0,1,0,0,0.3
2025-12-18,30.8,25.5,0.3,11.6,3.93,1.1,2.5,14.2,2.100000000000003,1.5609825965289676,2.85,3.5354795126849905,352,12,51,0,0,0,1,0,0,2.6
2025-12-19,30.8,25.3,2.6,9.4,3.55,0.3,1.5,1.2,2.3000000000000034,1.515475722889126,2.957142857142857,3.500926094119016,353,12,51,0,0,0,1,0,0,0.6
2025-12-20,31.3,25.6,0.6,11.5,3.82,2.6,1.1,4.9,1.6857142857142886,1.10064915910031,2.8857142857142857,3.5407207312499542,354,12,51,0,0,0,1,0,0,1.2
2025-12-21,31.6,25.7,1.2,13.6,3.79,0.6,0.3,3.2,1.4000000000000032,0.879393730551327,2.664285714285714,3.542404038732212,355,12,51,0,0,0,1,0,0,1.3
2025-12-22,31.4,26.0,1.3,12.3,3.83,1.2,2.6,2.5,1.2285714285714315,0.7341986237029219,2.607142857142857,3.558622094124511,356,12,52,0,0,0,1,0,0,1.5
2025-12-23,31.3,26.3,1.5,12.6,3.8,1.3,0.6,1.5,1.2285714285714315,0.7341986237029219,2.607142857142857,3.558622094124511,357,12,52,0,0,0,1,0,0,0.5
2025-12-24,30.4,26.3,0.5,12.9,3.81,1.5,1.2,1.1,1.142857142857146,0.7849780100041792,2.6142857142857143,3.5539484310481155,358,12,52,0,0,0,1,0,0,2.6
2025-12-25,30.9,25.6,2.6,12.9,3.8,0.5,1.3,0.3,1.4714285714285746,0.8518886580498257,1.7857142857142858,1.251372872462072,359,12,52,0,0,0,1,0,0,0.8
2025-12-26,31.6,26.1,0.8,13.4,3.79,2.6,1.5,2.6,1.2142857142857173,0.7151423434731137,1.7571428571428573,1.270199430564549,360,12,52,0,0,0,1,0,0,4.6
2025-12-27,29.9,24.4,4.6,14.1,3.0,0.8,0.5,0.6,1.7857142857142887,1.406447737420373,1.7357142857142855,1.2144052946937158,361,12,52,0,0,0,1,0,0,0.9
2025-12-28,31.5,26.0,0.9,14.3,3.44,4.6,2.6,1.2,1.742857142857146,1.431615803741862,1.5714285714285714,1.155207987552633,362,12,52,0,0,0,1,0,0,2.8
2025-12-29,30.8,26.4,2.8,13.4,3.66,0.9,0.8,1.3,1.9571428571428602,1.466125441264648,1.592857142857143,1.1763465513151805,363,12,1,0,0,0,1,0,0,1.2
2025-12-30,31.8,25.7,1.2,12.1,3.92,2.8,4.6,1.5,1.9142857142857175,1.485966095876648,1.5714285714285714,1.180891821677754,364,12,1,0,0,0,1,0,0,0.2
2025-12-31,31.7,26.2,0.2,12.4,3.69,1.2,0.9,0.5,1.8714285714285743,1.537003888212584,1.507142857142857,1.231924251988438,365,12,1,0,0,0,1,0,0,3.2
2026-01-01,31.5,26.5,3.2,14.9,3.67,0.2,2.8,2.6,1.9571428571428602,1.5998511835553517,1.7142857142857142,1.2568930820798285,1,1,1,0,0,0,1,0,0,1.7
2026-01-02,31.3,25.4,1.7,18.5,3.6,3.2,1.2,0.8,2.0857142857142885,1.525809699174471,1.65,1.2308533625090805,2,1,1,0,0,0,1,0,0,0.1
2026-01-03,31.3,25.2,0.1,13.1,3.79,1.7,0.2,4.6,1.442857142857146,1.2039617143096606,1.614285714285714,1.2702859416785983,3,1,1,0,0,0,1,0,0,0.5
2026-01-04,30.9,25.3,0.5,11.4,3.71,0.1,3.2,0.9,1.3857142857142886,1.2428845098244452,1.5642857142857143,1.3012462327483096,4,1,1,0,0,0,1,0,0,0.0
2026-01-05,32.7,26.1,0.0,14.3,3.85,0.5,1.7,2.8,0.9857142857142888,1.1596386957848333,1.4714285714285713,1.3663137219588684,5,1,2,0,0,0,1,0,0,0.3
2026-01-06,32.2,26.1,0.3,13.8,3.84,0.0,0.1,1.2,0.8571428571428602,1.1816050423851954,1.3857142857142857,1.401568979535261,6,1,2,0,0,0,1,0,0,0.5
2026-01-07,31.8,26.7,0.5,13.6,4.03,0.3,0.5,0.2,0.900000000000003,1.1590225767140936,1.3857142857142857,1.401568979535261,7,1,2,0,0,0,1,0,0,3.9
2026-01-08,31.8,26.2,3.9,11.9,3.49,0.5,0.0,3.2,1.000000000000003,1.3964240043767666,1.4785714285714284,1.525767686434256,8,1,2,0,0,0,1,0,0,0.4
2026-01-09,31.1,26.0,0.4,11.1,3.73,3.9,0.3,1.7,0.8142857142857174,1.3740797786500176,1.45,1.5430987804265013,9,1,2,0,0,0,1,0,0,2.9
2026-01-10,30.9,26.2,2.9,12.4,3.52,0.4,0.5,0.1,1.2142857142857173,1.5301727260110922,1.3285714285714287,1.3280573269765776,10,1,2,0,0,0,1,0,0,2.4
2026-01-11,31.3,24.9,2.4,12.4,3.47,2.9,3.9,0.5,1.4857142857142889,1.5507294750411988,1.4357142857142857,1.3511289540785363,11,1,2,0,0,0,1,0,0,3.0
2026-01-12,30.1,25.2,3.0,10.1,3.33,2.4,0.4,0.0,1.9142857142857175,1.48484406749044,1.45,1.3676200551997344,12,1,3,0,0,0,1,0,0,0.0
2026-01-13,32.4,25.1,0.0,12.2,3.91,3.0,2.9,0.3,1.8714285714285743,1.5424161627288753,1.3642857142857143,1.4210543988164257,13,1,3,0,0,0,1,0,0,0.0
2026-01-14,33.2,25.7,0.0,12.9,3.85,0.0,2.4,0.5,1.800000000000003,1.6258331197675184,1.3499999999999999,1.4345999174253536,14,1,3,0,0,0,1,0,0,1.6
2026-01-15,31.0,27.1,1.6,13.9,3.49,0.0,3.0,3.9,1.4714285714285744,1.3375528471979212,1.2357142857142855,1.3362445324675265,15,1,3,0,0,0,1,0,0,0.3
2026-01-16,32.4,25.5,0.3,12.5,3.69,1.6,0.0,0.4,1.4571428571428604,1.3513661517849713,1.1357142857142857,1.351128954078536,16,1,3,0,0,0,1,0,0,1.4
2026-01-17,31.3,26.1,1.4,13.4,3.67,0.3,0.0,2.9,1.2428571428571458,1.194232170136997,1.2285714285714284,1.3187573238169288,17,1,3,0,0,0,1,0,0,4.1
2026-01-18,31.3,26.7,4.1,14.2,3.67,1.4,1.6,2.4,1.4857142857142887,1.5794815303641732,1.4857142857142858,1.5037681607610234,18,1,3,0,0,0,1,0,0,3.0
2026-01-19,31.3,26.3,3.0,12.2,3.75,4.1,0.3,3.0,1.4857142857142887,1.5794815303641732,1.7,1.489450079210931,19,1,4,0,0,0,1,0,0,1.5
2026-01-20,29.7,25.5,1.5,13.8,2.63,3.0,1.4,0.0,1.7000000000000028,1.4399074044302225,1.7857142857142858,1.4362649974350326,20,1,4,0,0,0,1,0,0,0.1
2026-01-21,32.7,25.0,0.1,12.5,4.03,1.5,4.1,0.0,1.7142857142857173,1.4205967894145353,1.757142857142857,1.4674490087926408,21,1,4,0,0,0,1,0,0,1.4
2026-01-22,33.5,25.3,1.4,12.1,3.83,0.1,3.0,1.6,1.6857142857142888,1.4252819269983812,1.5785714285714287,1.3325386826127228,22,1,4,0,0,0,1,0,0,0.0
2026-01-23,33.4,24.2,0.0,11.7,4.36,1.4,1.5,0.3,1.642857142857146,1.4774495398682113,1.55,1.3636771555669966,23,1,4,0,0,0,1,0,0,0.0
2026-01-24,32.3,24.4,0.0,12.0,4.19,0.0,0.1,1.4,1.4428571428571462,1.6050515493871595,1.342857142857143,1.3630927987565216,24,1,4,0,0,0,1,0,0,0.0
2026-01-25,34.1,25.5,0.0,13.4,4.38,0.0,1.4,4.1,0.8571428571428602,1.1602544876836798,1.1714285714285715,1.3708103001950296,25,1,4,0,0,0,1,0,0,0.0
2026-01-26,34.0,25.8,0.0,12.8,4.46,0.0,0.0,3.0,0.4285714285714316,0.6993193970191723,0.9571428571428571,1.2953848764061922,26,1,5,0,0,0,1,0,0,0.0
2026-01-27,31.8,25.2,0.0,12.8,4.0,0.0,0.0,1.5,0.21428571428571733,0.5241773600238216,0.9571428571428571,1.2953848764061922,27,1,5,0,0,0,1,0,0,2.6
2026-01-28,31.6,25.9,2.6,12.3,3.91,0.0,0.0,0.1,0.5714285714285745,1.0355582805330625,1.1428571428571428,1.3334249052803409,28,1,5,0,0,0,1,0,0,3.2
2026-01-29,32.6,25.7,3.2,13.5,3.93,2.6,0.0,1.4,0.8285714285714317,1.425615990503963,1.2571428571428573,1.4399328433668364,29,1,5,0,0,0,1,0,0,6.6
2026-01-30,30.7,24.7,6.6,13.5,3.69,3.2,0.0,0.0,1.7714285714285745,2.5362139011488365,1.707142857142857,1.9951727458328503,30,1,5,0,0,0,1,0,0,2.1
2026-01-31,31.9,26.4,2.1,13.9,3.98,6.6,2.6,0.0,2.0714285714285743,2.412961034161265,1.7571428571428573,1.9956546200776508,31,1,5,0,0,0,1,0,0,1.7
2026-02-01,31.8,26.1,1.7,13.0,3.86,2.1,3.2,0.0,2.314285714285717,2.249761892162862,1.5857142857142856,1.8785662056501757,32,2,5,0,0,0,1,0,0,6.1
2026-02-02,31.9,26.1,6.1,16.6,3.48,1.7,6.6,0.0,3.185714285714289,2.381476132869743,1.807142857142857,2.211322015208315,33,2,6,0,0,0,1,0,0,0.2
2026-02-03,32.0,25.6,0.2,11.8,4.09,6.1,2.1,0.0,3.2142857142857175,2.3376830205914487,1.714285714285714,2.252129639272087,34,2,6,0,0,0,1,0,0,0.0
2026-02-04,32.1,24.8,0.0,17.8,4.41,0.2,1.7,2.6,2.8428571428571456,2.638722634695961,1.707142857142857,2.2577948008260784,35,2,6,0,0,0,1,0,0,0.0
2026-02-05,31.9,26.2,0.0,15.2,4.19,0.0,6.1,3.2,2.385714285714289,2.8363289486167775,1.607142857142857,2.3029961373808505,36,2,6,0,0,0,1,0,0,1.9
2026-02-06,31.9,27.2,1.9,13.9,4.58,0.0,0.2,6.6,1.7142857142857173,2.144316963066534,1.7428571428571427,2.256516814000738,37,2,6,0,0,0,1,0,0,2.1
2026-02-07,31.5,24.5,2.1,12.8,4.21,1.9,0.0,2.1,1.7142857142857173,2.144316963066534,1.8928571428571428,2.2008614696957003,38,2,6,0,0,0,1,0,0,1.9
2026-02-08,32.6,27.0,1.9,14.5,4.52,2.1,0.0,1.7,1.7428571428571458,2.1454270304200023,2.0285714285714285,2.1326864861839296,39,2,6,0,0,0,1,0,0,1.3
2026-02-09,32.5,27.2,1.3,16.3,4.58,1.9,1.9,6.1,1.0571428571428603,0.9606545387686385,2.1214285714285714,2.0647885238812127,40,2,7,0,0,0,1,0,0,3.6
2026-02-10,30.6,26.5,3.6,14.3,3.18,1.3,2.1,0.2,1.542857142857146,1.266039945205833,2.3785714285714286,2.003527109654568,41,2,7,0,0,0,1,0,0,0.0
2026-02-11,31.0,25.3,0.0,12.2,3.96,3.6,1.9,0.0,1.542857142857146,1.266039945205833,2.1928571428571426,2.099620583202237,42,2,7,0,0,0,1,0,0,1.4
2026-02-12,31.5,25.8,1.4,11.0,3.96,0.0,1.3,0.0,1.7428571428571458,1.0783585409578715,2.064285714285714,2.088284958029908,43,2,7,0,0,0,1,0,0,1.5
2026-02-13,32.0,26.5,1.5,15.4,4.36,1.4,3.6,1.9,1.6857142857142886,1.0792413561208407,1.7,1.630950643029981,44,2,7,0,0,0,1,0,0,20.8
2026-02-14,29.6,23.9,20.8,14.0,1.8,1.5,0.0,2.1,4.35714285714286,7.328223327850811,3.0357142857142856,5.3655033662859895,45,2,7,0,0,0,1,0,0,0.0
2026-02-15,31.5,24.9,0.0,10.5,4.39,20.8,1.4,1.9,4.085714285714289,7.468250257239748,2.9142857142857146,5.417046760403266,46,2,7,0,0,0,1,0,0,0.9
2026-02-16,31.7,26.7,0.9,14.7,4.25,0.0,1.5,1.3,4.028571428571431,7.494601231489725,2.542857142857143,5.35978103538313,47,2,8,0,0,0,1,0,0,3.3
2026-02-17,30.7,26.3,3.3,17.0,4.01,0.9,20.8,3.6,3.9857142857142884,7.498317271545768,2.7642857142857147,5.319428416786769,48,2,8,0,0,0,1,0,0,0.0
2026-02-18,31.3,25.4,0.0,12.5,4.21,3.3,0.0,0.0,3.9857142857142884,7.498317271545768,2.7642857142857147,5.319428416786769,49,2,8,0,0,0,1,0,0,0.7
2026-02-19,31.5,25.8,0.7,11.7,4.3,0.0,0.9,1.4,3.885714285714289,7.543082608462863,2.814285714285714,5.294679062381995,50,2,8,0,0,0,1,0,0,1.0
2026-02-20,32.1,26.0,1.0,11.6,4.32,0.7,3.3,1.5,3.814285714285717,7.571752014654749,2.75,5.312068987040439,51,2,8,0,0,0,1,0,0,0.2
2026-02-21,32.9,26.4,0.2,14.2,4.44,1.0,0.0,20.8,0.8714285714285744,1.148497983910845,2.6142857142857143,5.354057719705119,52,2,8,0,0,0,1,0,0,0.0
2026-02-22,33.3,26.7,0.0,14.9,4.51,0.2,0.7,0.0,0.8714285714285744,1.148497983910845,2.4785714285714286,5.39746073793801,53,2,8,0,0,0,1,0,0,2.6
2026-02-23,31.6,26.7,2.6,15.5,4.12,0.0,1.0,0.9,1.1142857142857172,1.322155527195986,2.571428571428572,5.38679704625878,54,2,9,0,0,0,1,0,0,3.8
2026-02-24,31.1,26.3,3.8,13.0,3.96,2.6,0.2,3.3,1.1857142857142888,1.4656381675211985,2.585714285714286,5.389998878672223,55,2,9,0,0,0,1,0,0,0.5
2026-02-25,32.7,25.4,0.5,12.2,4.34,3.8,0.0,0.0,1.2571428571428602,1.409322701225711,2.6214285714285714,5.373178198798535,56,2,9,0,0,0,1,0,0,2.2
2026-02-26,31.1,26.3,2.2,12.6,4.26,0.5,2.6,0.7,1.4714285714285744,1.4244464254745697,2.6785714285714293,5.3634344007761,57,2,9,0,0,0,1,0,0,3.6
2026-02-27,31.9,26.7,3.6,12.9,4.38,2.2,3.8,1.0,1.8428571428571456,1.6081636969506985,2.8285714285714287,5.357299631405663,58,2,9,0,0,0,1,0,0,0.2
2026-02-28,30.9,26.5,0.2,12.6,4.13,3.6,0.5,0.2,1.8428571428571459,1.6081636969506985,1.3571428571428572,1.4340444611250451,59,2,9,0,0,0,1,0,0,0.2
2026-03-01,31.1,26.2,0.2,13.0,4.02,0.2,2.2,0.0,1.8714285714285743,1.5713203425932223,1.3714285714285714,1.4204162832009222,60,3,9,0,0,0,1,0,0,2.8
2026-03-02,31.9,26.8,2.8,11.8,4.21,0.2,3.6,2.6,1.9000000000000032,1.5885003409924079,1.5071428571428573,1.4620661279973854,61,3,10,0,0,0,1,0,0,2.5
2026-03-03,32.8,26.1,2.5,15.2,4.63,2.8,0.2,3.8,1.7142857142857173,1.393351560600638,1.45,1.4009612084894472,62,3,10,0,0,0,1,0,0,5.6
2026-03-04,31.0,26.1,5.6,14.7,4.36,2.5,0.2,0.5,2.442857142857146,1.8954833533578734,1.8499999999999999,1.7185638011029567,63,3,10,0,0,0,1,0,0,1.9
2026-03-05,33.4,27.0,1.9,11.6,4.74,5.6,2.8,2.2,2.400000000000003,1.9052558883256772,1.9357142857142857,1.686419576798993,64,3,10,0,0,0,1,0,0,1.7
2026-03-06,32.7,27.4,1.7,12.6,4.85,1.9,2.5,3.6,2.1285714285714312,1.84003105563845,1.9857142857142858,1.6668058549938152,65,3,10,0,0,0,1,0,0,0.6
2026-03-07,32.5,27.2,0.6,14.3,4.79,1.7,5.6,0.2,2.1857142857142886,1.7752263437173963,2.0142857142857142,1.637003426929866,66,3,10,0,0,0,1,0,0,4.0
2026-03-08,32.7,27.4,4.0,13.9,4.76,0.6,1.9,0.2,2.7285714285714318,1.6428778466603315,2.3,1.607195359337759,67,3,10,0,0,0,1,0,0,0.9
2026-03-09,32.4,27.1,0.9,16.1,4.58,4.0,1.7,2.8,2.45714285714286,1.780315648845304,2.1785714285714284,1.6465248118518778,68,3,11,0,0,0,1,0,0,2.0
2026-03-10,32.4,25.4,2.0,17.7,4.88,0.9,0.6,2.5,2.385714285714289,1.7883219056128858,2.05,1.579069833307395,69,3,11,0,0,0,1,0,0,1.5
2026-03-11,31.9,27.2,1.5,16.7,4.18,2.0,4.0,5.6,1.800000000000003,1.098483803552118,2.1214285714285714,1.5252634432872496,70,3,11,0,0,0,1,0,0,0.0
2026-03-12,32.4,27.3,0.0,15.0,5.03,1.5,0.9,1.9,1.5285714285714316,1.2880402241573354,1.9642857142857142,1.626514509787526,71,3,11,0,0,0,1,0,0,1.4
2026-03-13,32.7,27.1,1.4,14.7,4.66,0.0,2.0,1.7,1.4857142857142889,1.2863754913560674,1.807142857142857,1.5612934902308624,72,3,11,0,0,0,1,0,0,2.9
2026-03-14,31.3,24.7,2.9,15.6,3.11,1.4,1.5,0.6,1.8142857142857174,1.315837593104952,2.0,1.5135287347021649,73,3,11,0,0,0,1,0,0,0.0
2026-03-15,32.7,27.4,0.0,12.9,4.98,2.9,0.0,4.0,1.2428571428571458,1.0501700542563572,1.9857142857142858,1.5326483579121775,74,3,11,0,0,0,1,0,0,0.8
2026-03-16,32.1,27.5,0.8,16.3,4.73,0.0,1.4,0.9,1.2285714285714315,1.0562737740349057,1.842857142857143,1.544077661316208,75,3,12,0,0,0,1,0,0,2.6
2026-03-17,30.5,25.3,2.6,17.2,4.17,0.8,2.9,2.0,1.3142857142857172,1.1495340671020713,1.8499999999999999,1.5475787540541857,76,3,12,0,0,0,1,0,0,0.3
2026-03-18,32.8,26.2,0.3,15.1,5.04,2.6,0.0,1.5,1.142857142857146,1.205345238036306,1.4714285714285713,1.1591963870441322,77,3,12,0,0,0,1,0,0,0.0
2026-03-19,32.2,26.8,0.0,15.1,4.59,0.3,0.8,0.0,1.142857142857146,1.205345238036306,1.3357142857142856,1.2150385513713493,78,3,12,0,0,0,1,0,0,0.2
2026-03-20,32.4,27.1,0.2,13.3,4.79,0.0,2.6,1.4,0.9714285714285744,1.2472827609303117,1.2285714285714284,1.246180979218885,79,3,12,0,0,0,1,0,0,3.6
2026-03-21,31.7,27.7,3.6,15.8,4.4,0.2,0.3,2.9,1.0714285714285745,1.4407339399465613,1.4428571428571428,1.3804761083460269,80,3,12,0,0,0,1,0,0,5.2
2026-03-22,30.8,27.3,5.2,15.6,4.29,3.6,0.0,0.0,1.8142857142857172,2.0202545808457493,1.5285714285714285,1.5750109017588565,81,3,12,0,0,0,1,0,0,4.0
2026-03-23,32.1,27.1,4.0,16.4,4.68,5.2,0.2,0.8,2.2714285714285745,2.1124348397952106,1.75,1.6933126386782795,82,3,13,0,0,0,1,0,0,4.6
2026-03-24,31.0,25.8,4.6,18.0,3.79,4.0,3.6,2.6,2.55714285714286,2.291911242360142,1.9357142857142857,1.8574619337054368,83,3,13,0,0,0,1,0,0,0.1
2026-03-25,31.9,27.3,0.1,16.6,5.15,4.6,5.2,0.3,2.5285714285714316,2.325735930635137,1.8357142857142856,1.9193777608930698,84,3,13,0,0,0,1,0,0,0.0
2026-03-26,32.5,26.5,0.0,16.2,4.92,0.1,4.0,0.0,2.5285714285714316,2.325735930635137,1.8357142857142856,1.9193777608930698,85,3,13,0,0,0,1,0,0,0.4
2026-03-27,32.7,27.0,0.4,14.8,4.86,0.0,4.6,0.2,2.55714285714286,2.2933651714289804,1.7642857142857145,1.9551144538037748,86,3,13,0,0,0,1,0,0,7.7
2026-03-28,33.6,26.3,7.7,18.6,4.34,0.4,0.1,3.6,3.142857142857146,3.0143308504857504,2.107142857142857,2.511347871535928,87,3,13,0,0,0,1,0,0,1.6
2026-03-29,29.9,23.9,1.6,9.4,3.0,7.7,0.0,5.2,2.6285714285714312,2.910162816587293,2.221428571428571,2.443571966618512,88,3,13,0,0,0,1,0,0,0.0
2026-03-30,31.6,26.1,0.0,11.4,4.97,1.6,0.4,4.0,2.05714285714286,2.987673087235305,2.164285714285714,2.488313343753797,89,3,14,0,0,0,1,0,0,1.0
2026-03-31,30.7,25.1,1.0,12.2,3.43,0.0,7.7,4.6,1.5428571428571458,2.779602575223684,2.05,2.5034591453242445,90,3,14,0,0,0,1,0,0,0.0
2026-04-01,31.1,23.9,0.0,11.2,4.15,1.0,1.6,0.1,1.5285714285714316,2.788496778860242,2.0285714285714285,2.520814450630074,91,4,14,0,1,0,0,1,0,6.3
2026-04-02,30.7,25.9,6.3,10.1,3.32,0.0,0.0,0.0,2.4285714285714315,3.1993302870622706,2.4785714285714286,2.687629373323553,92,4,14,0,1,0,0,1,0,1.4
2026-04-03,30.3,24.9,1.4,15.4,4.35,6.3,1.0,0.4,2.5714285714285743,3.1148645158948116,2.564285714285714,2.627841214866179,93,4,14,0,1,0,0,1,0,0.0
2026-04-04,31.6,25.8,0.0,9.6,4.17,1.4,0.0,7.7,1.4714285714285744,2.238090172233299,2.3071428571428574,2.694000252902228,94,4,14,0,1,0,0,1,0,4.9
2026-04-05,31.9,25.3,4.9,13.4,4.01,0.0,6.3,1.6,1.942857142857146,2.5896313398223576,2.2857142857142856,2.6703088680056015,95,4,14,0,1,0,0,1,0,1.2
2026-04-06,32.3,27.3,1.2,13.9,4.38,4.9,1.4,0.0,2.114285714285717,2.4768451515509744,2.085714285714286,2.636681230654896,96,4,15,0,1,0,0,1,0,0.0
2026-04-07,32.4,27.2,0.0,14.7,4.71,1.2,0.0,1.0,1.9714285714285744,2.578574726287234,1.7571428571428573,2.585377307894484,97,4,15,0,1,0,0,1,0,2.7
2026-04-08,30.3,25.7,2.7,12.9,3.34,0.0,4.9,0.0,2.3571428571428603,2.4323220338166864,1.942857142857143,2.5503285718071167,98,4,15,0,1,0,0,1,0,2.8
2026-04-09,31.6,25.2,2.8,15.1,4.67,2.7,1.2,6.3,1.85714285714286,1.7510541043012178,2.142857142857143,2.4954464024003107,99,4,15,0,1,0,0,1,0,0.0
2026-04-10,33.2,26.6,0.0,14.5,4.51,2.8,0.0,1.4,1.6571428571428604,1.8866700319672942,2.1142857142857143,2.5191137461285806,100,4,15,0,1,0,0,1,0,0.0
2026-04-11,32.7,27.5,0.0,13.6,5.13,0.0,2.7,0.0,1.6571428571428604,1.8866700319672942,1.5642857142857143,1.9909824180566973,101,4,15,0,1,0,0,1,0,0.0
2026-04-12,32.8,26.9,0.0,14.4,5.22,0.0,2.8,4.9,0.9571428571428602,1.3010984370357226,1.45,2.0342263696739424,102,4,15,0,1,0,0,1,0,10.9
2026-04-13,32.5,27.4,10.9,16.7,4.1,0.0,0.0,1.2,2.3428571428571456,3.9899277950263055,2.2285714285714286,3.1926426409742352,103,4,16,0,1,0,0,1,0,3.2
2026-04-14,32.0,25.4,3.2,13.3,4.67,10.9,0.0,0.0,2.8000000000000034,3.8578923434088987,2.385714285714286,3.181643780006971,104,4,16,0,1,0,0,1,0,6.5
2026-04-15,31.5,26.7,6.5,15.4,4.91,3.2,0.0,2.7,3.342857142857146,4.101161275727094,2.8500000000000005,3.2794816663613022,105,4,16,0,1,0,0,1,0,0.3
2026-04-16,31.5,27.0,0.3,14.8,3.52,6.5,10.9,2.8,2.985714285714289,4.262013832070654,2.4214285714285717,3.18462135689835,106,4,16,0,1,0,0,1,0,0.4
2026-04-17,32.0,27.1,0.4,14.0,5.01,0.3,3.2,0.0,3.042857142857146,4.2177628915722,2.35,3.2203081553454656,107,4,16,0,1,0,0,1,0,0.0
2026-04-18,32.7,27.7,0.0,13.9,4.9,0.4,6.5,0.0,3.042857142857146,4.2177628915722,2.35,3.2203081553454656,108,4,16,0,1,0,0,1,0,7.5
2026-04-19,30.5,26.4,7.5,9.8,2.71,0.0,0.3,0.0,4.114285714285717,4.268266069271562,2.5357142857142856,3.4457570660511836,109,4,16,0,1,0,0,1,0,1.1
2026-04-20,32.8,26.4,1.1,12.0,4.76,7.5,0.4,10.9,2.7142857142857175,3.1259284335103126,2.5285714285714285,3.4488411813978037,110,4,17,0,1,0,0,1,0,2.3
2026-04-21,32.2,27.8,2.3,16.4,4.25,1.1,0.0,3.2,2.5857142857142885,3.121126170379569,2.6928571428571426,3.3730753567978975,111,4,17,0,1,0,0,1,0,1.6
2026-04-22,31.8,26.5,1.6,13.8,4.82,2.3,7.5,6.5,1.8857142857142886,2.6034775278643942,2.6142857142857143,3.3856841469423937,112,4,17,0,1,0,0,1,0,0.4
2026-04-23,32.2,27.4,0.4,17.5,4.76,1.6,1.1,0.3,1.9000000000000032,2.593581821856856,2.4428571428571426,3.4359444532346832,113,4,17,0,1,0,0,1,0,1.8
2026-04-24,31.4,27.1,1.8,20.6,4.87,0.4,2.3,0.4,2.1000000000000028,2.511307760244914,2.5714285714285716,3.370557719526435,114,4,17,0,1,0,0,1,0,6.4
2026-04-25,29.4,26.6,6.4,16.5,3.87,1.8,1.6,0.0,3.0142857142857173,2.770937609924645,3.0285714285714285,3.4284844311306704,115,4,17,0,1,0,0,1,0,26.6
2026-04-26,28.7,25.0,26.6,14.3,1.86,6.4,0.4,7.5,5.742857142857146,9.399620053111553,4.928571428571429,7.064039873943185,116,4,17,0,1,0,0,1,0,0.0
2026-04-27,32.0,24.3,0.0,10.4,4.64,26.6,1.8,1.1,5.585714285714289,9.49884704783138,4.15,6.95510327302632,117,4,18,0,1,0,0,1,0,8.5
2026-04-28,31.8,26.6,8.5,13.3,3.99,0.0,6.4,2.3,6.471428571428575,9.430219913610038,4.5285714285714285,7.043101215038346,118,4,18,0,1,0,0,1,0,2.0
2026-04-29,30.9,25.6,2.0,13.3,3.87,8.5,26.6,1.6,6.528571428571432,9.396934657236935,4.207142857142857,7.048891269686888,119,4,18,0,1,0,0,1,0,6.2
2026-04-30,31.3,26.2,6.2,10.4,4.26,2.0,0.0,0.4,7.357142857142861,9.014406459081126,4.628571428571428,6.973292851072088,120,4,18,0,1,0,0,1,0,0.0
2026-05-01,31.7,25.6,0.0,15.0,4.38,6.2,8.5,1.8,7.100000000000003,9.222617126752382,4.6,6.992743491539028,121,5,18,0,1,0,0,0,0,2.0
2026-05-02,31.6,27.9,2.0,15.6,4.89,0.0,2.0,6.4,6.471428571428575,9.425977276603595,4.742857142857142,6.911497030947138,122,5,18,0,1,0,0,0,0,4.4
2026-05-03,31.1,25.7,4.4,18.2,4.31,2.0,6.2,26.6,3.3000000000000034,3.2098805792946576,4.521428571428571,6.865877564104579,123,5,18,0,1,0,0,0,0,6.7
2026-05-04,31.2,25.5,6.7,13.5,3.97,4.4,0.0,0.0,4.257142857142861,3.057153983068265,4.921428571428572,6.814145758463222,124,5,19,0,1,0,0,0,0,1.8
2026-05-05,32.4,26.6,1.8,20.2,4.81,6.7,2.0,8.5,3.3000000000000034,2.506657801402698,4.885714285714286,6.830233371714894,125,5,19,0,1,0,0,0,0,7.2
2026-05-06,29.7,25.3,7.2,16.8,3.1,1.8,4.4,2.0,4.042857142857146,2.809422919899534,5.285714285714286,6.786848950825308,126,5,19,0,1,0,0,0,0,0.7
2026-05-07,31.3,26.0,0.7,14.1,4.66,7.2,6.7,6.2,3.2571428571428602,2.8739387275172525,5.307142857142858,6.770690714192508,127,5,19,0,1,0,0,0,0,10.8
2026-05-08,30.8,25.3,10.8,12.7,3.79,0.7,1.8,0.0,4.800000000000003,3.632721661050617,5.950000000000001,6.839000151844053,128,5,19,0,1,0,0,0,0,11.0
2026-05-09,31.3,26.4,11.0,15.9,4.38,10.8,7.2,2.0,6.085714285714289,4.0457502688741105,6.278571428571429,6.971500067188774,129,5,19,0,1,0,0,0,0,2.3
2026-05-10,31.3,26.4,2.3,14.7,4.45,11.0,0.7,4.4,5.785714285714289,4.263577750914709,4.542857142857143,3.8482192256667367,130,5,19,0,1,0,0,0,0,3.2
2026-05-11,31.1,26.8,3.2,15.5,4.77,2.3,10.8,6.7,5.285714285714289,4.3429746224711305,4.771428571428571,3.6474287194866677,131,5,20,0,1,0,0,0,0,0.4
2026-05-12,31.3,27.4,0.4,14.1,4.71,3.2,11.0,1.8,5.085714285714289,4.557202567156185,4.192857142857143,3.6529154395894654,132,5,20,0,1,0,0,0,0,1.7
2026-05-13,31.7,27.8,1.7,15.8,4.69,0.4,2.3,7.2,4.300000000000003,4.605793453177532,4.171428571428572,3.66761892396531,133,5,20,0,1,0,0,0,0,11.9
2026-05-14,30.5,27.0,11.9,14.9,4.54,1.7,3.2,0.7,5.900000000000004,5.068859174738733,4.578571428571428,4.189396610019616,134,5,20,0,1,0,0,0,0,6.3
2026-05-15,28.6,25.7,6.3,13.3,2.13,11.9,0.4,10.8,5.25714285714286,4.608274132057485,5.028571428571428,3.993538737554894,135,5,20,0,1,0,0,0,0,1.7
2026-05-16,31.8,26.0,1.7,13.7,3.62,6.3,1.7,11.0,3.9285714285714315,3.973543458809441,5.007142857142857,4.011802642149827,136,5,20,0,1,0,0,0,0,13.6
2026-05-17,30.2,26.4,13.6,18.9,3.66,1.7,11.9,2.3,5.542857142857145,5.281684435498789,5.6642857142857155,4.6131262789928,137,5,20,0,1,0,0,0,0,5.1
2026-05-18,30.2,24.7,5.1,12.6,2.9,13.6,6.3,3.2,5.814285714285718,5.189228771030906,5.55,4.605306304019967,138,5,21,0,1,0,0,0,0,8.1
2026-05-19,30.1,26.1,8.1,9.3,3.06,5.1,1.7,0.4,6.914285714285717,4.63696329200785,6.0,4.51765766401469,139,5,21,0,1,0,0,0,0,3.2
2026-05-20,30.0,26.1,3.2,13.3,4.2,8.1,13.6,1.7,7.128571428571432,4.383573232616741,5.714285714285714,4.562195345842423,140,5,21,0,1,0,0,0,0,11.4
2026-05-21,30.8,25.7,11.4,14.2,4.61,3.2,5.1,11.9,7.05714285714286,4.296066861233677,6.478571428571429,4.553811348990831,141,5,21,0,1,0,0,0,0,22.9
2026-05-22,28.4,24.3,22.9,13.1,2.09,11.4,8.1,6.3,9.42857142857143,7.323413203717284,7.3428571428571425,6.264148820036153,142,5,21,0,1,0,0,0,0,9.2
2026-05-23,29.0,26.0,9.2,9.0,3.51,22.9,3.2,1.7,10.500000000000002,6.507431649019941,7.214285714285714,6.201470935047721,143,5,21,0,1,0,0,0,0,10.4
2026-05-24,31.2,26.7,10.4,14.6,4.09,9.2,11.4,13.6,10.042857142857146,6.364185505063225,7.792857142857144,6.084464995849198,144,5,21,0,1,0,0,0,0,10.5
2026-05-25,28.4,24.6,10.5,10.1,2.58,10.4,22.9,5.1,10.814285714285717,5.9809220502718725,8.314285714285715,5.972353890135018,145,5,22,0,1,0,0,0,0,5.2
2026-05-26,29.6,25.0,5.2,8.2,1.95,10.5,9.2,8.1,10.400000000000002,6.29258823272796,8.657142857142857,5.609842214387992,146,5,22,0,1,0,0,0,0,1.1
2026-05-27,30.6,25.8,1.1,10.0,4.16,5.2,10.4,3.2,10.100000000000003,6.728050733062763,8.614285714285714,5.6690600418624655,147,5,22,0,1,0,0,0,0,6.9
2026-05-28,29.3,25.6,6.9,13.2,2.2,1.1,10.5,11.4,9.457142857142859,6.797758734283199,8.257142857142856,5.603256509966629,148,5,22,0,1,0,0,0,0,1.7
2026-05-29,30.6,26.3,1.7,10.9,4.46,6.9,5.2,22.9,6.4285714285714315,3.926709515490968,7.928571428571429,5.856019726142231,149,5,22,0,1,0,0,0,0,13.0
2026-05-30,30.6,26.4,13.0,7.3,3.09,1.7,1.1,9.2,6.971428571428575,4.58174431329168,8.735714285714286,5.708375377508854,150,5,22,0,1,0,0,0,0,0.8
2026-05-31,30.8,26.2,0.8,13.8,4.32,13.0,6.9,10.4,5.600000000000003,4.815253541265128,7.82142857142857,5.891477360943127,151,5,22,0,1,0,0,0,0,12.9
2026-06-01,31.2,24.9,12.9,11.6,3.45,0.8,1.7,10.5,5.942857142857146,5.284839052376477,8.378571428571428,5.982433074803712,152,6,23,1,1,0,0,0,0,9.2
2026-06-02,30.9,26.3,9.2,14.3,4.03,12.9,13.0,5.2,6.514285714285718,5.40599314693994,8.457142857142857,5.985715597051961,153,6,23,1,1,0,0,0,0,12.8
2026-06-03,30.1,26.7,12.8,12.5,3.3,9.2,0.8,1.1,8.185714285714289,5.259730212165032,9.142857142857142,5.8861917015378165,154,6,23,1,1,0,0,0,0,13.4
2026-06-04,29.6,25.6,13.4,10.1,3.47,12.8,12.9,6.9,9.114285714285717,5.560104486856485,9.285714285714286,5.968875315121973,155,6,23,1,1,0,0,0,0,9.1
2026-06-05,30.5,26.0,9.1,13.4,4.32,13.4,9.2,1.7,10.171428571428574,4.522062319235256,8.3,4.50845359809256,156,6,23,1,1,0,0,0,0,16.3
2026-06-06,27.9,25.2,16.3,10.0,3.17,9.1,12.8,13.0,10.642857142857148,5.011605578673386,8.807142857142859,4.9909863809616795,157,6,23,1,1,0,0,0,0,5.0
2026-06-07,29.6,26.0,5.0,12.4,4.07,16.3,13.4,0.8,11.242857142857146,3.7223904250078617,8.421428571428573,5.066508215181872,158,6,23,1,1,0,0,0,0,19.1
2026-06-08,29.9,26.2,19.1,12.0,3.83,5.0,9.1,12.9,12.128571428571432,4.772041591644053,9.035714285714286,5.805383064662696,159,6,24,1,1,0,0,0,0,12.6
2026-06-09,29.0,25.6,12.6,14.2,3.46,19.1,16.3,9.2,12.614285714285717,4.593991935643951,9.564285714285715,5.76602878176027,160,6,24,1,1,0,0,0,0,6.5
2026-06-10,30.8,25.5,6.5,10.2,3.91,12.6,5.0,12.8,11.714285714285717,5.136609962296305,9.950000000000001,5.319593680261382,161,6,24,1,1,0,0,0,0,0.5
2026-06-11,31.6,24.9,0.5,11.2,4.36,6.5,19.1,13.4,9.871428571428575,6.550499799179247,9.492857142857144,5.850373332691516,162,6,24,1,1,0,0,0,0,10.3
2026-06-12,28.6,26.9,10.3,14.8,3.46,0.5,12.6,9.1,10.042857142857146,6.542643997359952,10.107142857142858,5.4036261736148745,163,6,24,1,1,0,0,0,0,4.7
2026-06-13,30.0,25.8,4.7,8.3,2.92,10.3,6.5,16.3,8.38571428571429,6.150996822041256,9.514285714285714,5.51597081808216,164,6,24,1,1,0,0,0,0,4.4
2026-06-14,29.2,25.9,4.4,7.8,3.1,4.7,0.5,5.0,8.300000000000002,6.2099382712981175,9.771428571428572,5.150269383757964,165,6,24,1,1,0,0,0,0,13.4
2026-06-15,29.0,25.3,13.4,10.0,2.86,4.4,10.3,19.1,7.485714285714288,4.762852286683014,9.807142857142859,5.17530590485153,166,6,25,1,1,0,0,0,0,6.2
2026-06-16,29.6,26.0,6.2,15.5,3.15,13.4,4.7,12.6,6.571428571428575,4.198298975265339,9.592857142857143,5.263731388650834,167,6,25,1,1,0,0,0,0,4.5
2026-06-17,27.7,24.7,4.5,9.9,3.22,6.2,4.4,6.5,6.285714285714289,4.271388755985764,9.000000000000002,5.341564161582972,168,6,25,1,1,0,0,0,0,3.3
2026-06-18,29.3,25.8,3.3,9.7,3.8,4.5,13.4,0.5,6.6857142857142895,3.7369455314148765,8.278571428571428,5.383475939094841,169,6,25,1,1,0,0,0,0,4.6
2026-06-19,28.4,25.5,4.6,11.7,3.22,3.3,6.2,10.3,5.8714285714285745,3.426229358791866,7.957142857142857,5.464390216626219,170,6,25,1,1,0,0,0,0,18.5
2026-06-20,27.7,25.1,18.5,13.5,2.79,4.6,4.5,4.7,7.842857142857146,5.792770535433816,8.114285714285714,5.7470871743006375,171,6,25,1,1,0,0,0,0,39.0
2026-06-21,28.0,24.5,39.0,9.5,2.62,18.5,3.3,4.4,12.78571428571429,12.840226967286377,10.542857142857143,9.96545682195902,172,6,25,1,1,0,0,0,0,0.2
2026-06-22,28.2,24.1,0.2,10.1,2.45,39.0,4.6,13.4,10.900000000000002,13.676987972503293,9.192857142857141,9.997189165399998,173,6,26,1,1,0,0,0,0,1.8
2026-06-23,28.8,25.8,1.8,11.6,4.41,0.2,18.5,6.2,10.271428571428572,14.02565676248522,8.421428571428573,10.12986282627365,174,6,26,1,1,0,0,0,0,16.6
2026-06-24,28.1,25.9,16.6,8.7,3.65,1.8,39.0,4.5,12.000000000000002,13.941185984939246,9.142857142857142,10.339968329494292,175,6,26,1,1,0,0,0,0,4.0
2026-06-25,28.1,25.7,4.0,10.4,2.58,16.6,0.2,3.3,12.100000000000003,13.870712550790836,9.392857142857142,10.155594463205924,176,6,26,1,1,0,0,0,0,9.2
2026-06-26,28.7,25.0,9.2,14.2,3.37,4.0,1.8,4.6,12.757142857142862,13.561693250089517,9.314285714285715,10.152290923186298,177,6,26,1,1,0,0,0,0,3.7
2026-06-27,29.0,26.5,3.7,15.5,4.12,9.2,16.6,18.5,10.642857142857148,13.670388575659564,9.242857142857144,10.1906981934669,178,6,26,1,1,0,0,0,0,14.4
2026-06-28,27.9,24.7,14.4,13.4,3.4,3.7,4.0,39.0,7.128571428571432,6.387674142626611,9.957142857142857,10.175590270968916,179,6,26,1,1,0,0,0,0,24.3
2026-06-29,25.7,24.3,24.3,11.4,1.8,14.4,9.2,0.2,10.571428571428575,8.253224478088185,10.735714285714286,10.853684744245728,180,6,27,1,1,0,0,0,0,31.4
2026-06-30,26.2,23.6,31.4,7.8,1.64,24.3,3.7,1.8,14.800000000000002,10.331343894511807,12.535714285714286,12.065564932602909,181,6,27,1,1,0,0,0,0,3.3
2026-07-01,28.4,24.5,3.3,13.9,3.9,31.4,14.4,16.6,12.900000000000004,11.13672602997247,12.450000000000001,12.13112652515135,182,7,27,0,1,0,0,0,1,10.0
2026-07-02,28.3,25.3,10.0,15.0,3.37,3.3,24.3,4.0,13.757142857142858,10.553176005806192,12.928571428571429,11.871778336842413,183,7,27,0,1,0,0,0,1,3.2
2026-07-03,28.1,25.3,3.2,15.6,3.65,10.0,31.4,9.2,12.900000000000004,11.20833023543946,12.828571428571427,11.952948047781641,184,7,27,0,1,0,0,0,1,3.6
2026-07-04,28.4,25.4,3.6,15.0,4.01,3.2,3.3,3.7,12.885714285714288,11.222065848352594,11.764285714285714,12.071874951107004,185,7,27,0,1,0,0,0,1,5.7
2026-07-05,28.6,25.7,5.7,14.1,3.94,3.6,10.0,14.4,11.642857142857144,11.50461605079414,9.385714285714286,9.241533101489923,186,7,27,0,1,0,0,0,1,5.3
2026-07-06,29.0,25.7,5.3,15.9,3.95,5.7,3.2,24.3,8.928571428571432,10.18654574847205,9.75,8.94743194785735,187,7,28,0,1,0,0,0,1,6.6
2026-07-07,28.5,25.1,6.6,14.0,3.57,5.3,3.6,31.4,5.385714285714289,2.4217270500123607,10.092857142857143,8.708127440298712,188,7,28,0,1,0,0,0,1,7.7
2026-07-08,28.5,25.3,7.7,16.7,3.73,6.6,5.7,3.3,6.014285714285718,2.36038737740826,9.457142857142857,8.519363851811962,189,7,28,0,1,0,0,0,1,9.1
2026-07-09,28.4,25.1,9.1,16.2,2.7,7.7,5.3,10.0,5.885714285714289,2.119299075503087,9.821428571428571,8.375897524484122,190,7,28,0,1,0,0,0,1,59.1
2026-07-10,26.6,24.2,59.1,13.5,0.99,9.1,6.6,3.2,13.871428571428575,20.02121493863565,13.385714285714284,15.596244969314153,191,7,28,0,1,0,0,0,1,8.9
2026-07-11,28.1,24.8,8.9,14.8,3.08,59.1,7.7,3.6,14.628571428571433,19.665088717972115,13.757142857142856,15.408624672102121,192,7,28,0,1,0,0,0,1,6.0
2026-07-12,27.6,24.7,6.0,12.9,3.37,8.9,9.1,5.7,14.671428571428576,19.642701298083065,13.157142857142857,15.5446114475385,193,7,28,0,1,0,0,0,1,22.8
2026-07-13,27.9,24.5,22.8,12.1,2.39,6.0,59.1,5.3,17.171428571428574,19.36282643673303,13.049999999999999,15.46687527489734,194,7,29,0,1,0,0,0,1,10.4
2026-07-14,27.4,24.5,10.4,15.7,2.81,22.8,8.9,6.6,17.71428571428572,19.068073541168978,11.55,14.540963358203447,195,7,29,0,1,0,0,0,1,7.1
2026-07-15,28.0,24.4,7.1,17.0,3.92,10.4,6.0,7.7,17.62857142857143,19.121864822388904,11.821428571428571,14.409995386292355,196,7,29,0,1,0,0,0,1,15.1
2026-07-16,28.7,24.8,15.1,17.2,3.17,7.1,22.8,9.1,18.48571428571429,18.8077491628166,12.185714285714285,14.424864065103117,197,7,29,0,1,0,0,0,1,0.8
2026-07-17,28.0,24.1,0.8,11.8,2.38,15.1,10.4,59.1,10.157142857142862,7.0722125587534705,12.014285714285716,14.553554001203073,198,7,29,0,1,0,0,0,1,0.0
2026-07-18,27.6,25.7,0.0,13.2,2.71,0.8,7.1,8.9,8.88571428571429,8.066066486920896,11.757142857142858,14.744214734324379,199,7,29,0,1,0,0,0,1,1.2
2026-07-19,27.7,24.8,1.2,15.3,3.14,0.0,15.1,6.0,8.200000000000005,8.542247947700877,11.435714285714285,14.93424599023008,200,7,29,0,1,0,0,0,1,3.1
2026-07-20,28.6,24.9,3.1,15.9,4.01,1.2,0.8,22.8,5.385714285714289,5.704217320377535,11.278571428571428,15.015129732344,201,7,30,0,1,0,0,0,1,0.6
2026-07-21,28.7,25.1,0.6,13.3,3.61,3.1,0.0,10.4,3.985714285714289,5.466085915725718,10.85,15.242841951854999,202,7,30,0,1,0,0,0,1,3.1
2026-07-22,27.7,25.1,3.1,17.3,3.93,0.6,1.2,7.1,3.4142857142857173,5.292582410452235,10.521428571428572,15.365054185061961,203,7,30,0,1,0,0,0,1,4.8
2026-07-23,26.6,24.5,4.8,19.9,2.38,3.1,3.1,15.1,1.942857142857146,1.745333915384187,10.214285714285714,15.438456336885952,204,7,30,0,1,0,0,0,1,3.7
2026-07-24,28.3,24.6,3.7,13.6,3.65,4.8,0.6,0.8,2.3571428571428603,1.772810520855786,6.257142857142858,6.396479113930176,205,7,30,0,1,0,0,0,1,0.4
2026-07-25,28.6,24.7,0.4,13.7,3.63,3.7,3.1,0.0,2.4142857142857173,1.6886173549470562,5.6499999999999995,6.528370040417079,206,7,30,0,1,0,0,0,1,1.4
2026-07-26,28.2,25.2,1.4,16.4,3.98,0.4,4.8,1.2,2.442857142857146,1.6661904081437682,5.321428571428571,6.624451045056606,207,7,30,0,1,0,0,0,1,15.5
2026-07-27,26.0,25.0,15.5,15.6,1.75,1.4,3.7,3.1,4.214285714285717,5.240047255330343,4.8,5.297169055259602,208,7,31,0,1,0,0,0,1,6.3
2026-07-28,26.4,24.6,6.3,17.6,2.11,15.5,0.4,0.6,5.028571428571431,5.023184343858065,4.507142857142857,5.072317674732774,209,7,31,0,1,0,0,0,1,15.9
2026-07-29,26.4,23.6,15.9,18.4,2.21,6.3,1.4,3.1,6.857142857142859,6.356848575318091,5.135714285714286,5.896623172220244,210,7,31,0,1,0,0,0,1,4.5
2026-07-30,27.4,23.6,4.5,13.6,3.48,15.9,15.5,4.8,6.814285714285717,6.374017197819211,4.378571428571428,5.15232263852221,211,7,31,0,1,0,0,0,1,0.9
2026-07-31,27.7,24.2,0.9,13.4,3.79,4.5,6.3,3.7,6.414285714285717,6.682421859233502,4.385714285714285,5.1470465232099665,212,7,31,0,1,0,0,0,1,2.3
2026-08-01,27.9,24.6,2.3,17.2,3.79,0.9,15.9,0.4,6.685714285714289,6.4312851415116405,4.55,5.031707157921336,213,8,31,0,0,1,0,0,0,5.7
2026-08-02,27.4,24.7,5.7,19.8,3.77,2.3,4.5,1.4,7.300000000000003,6.03545082547,4.871428571428572,4.94421629030068,214,8,31,0,0,1,0,0,0,2.2
2026-08-03,28.0,24.3,2.2,13.8,4.42,5.7,0.9,15.5,5.400000000000003,5.034216258101471,4.807142857142857,4.974777039567351,215,8,32,0,0,1,0,0,0,1.8
2026-08-04,28.1,24.1,1.8,12.1,4.26,2.2,2.3,6.3,4.75714285714286,5.185189531366266,4.892857142857143,4.906583377418582,216,8,32,0,0,1,0,0,0,4.4
2026-08-05,28.0,24.0,4.4,16.6,4.08,1.8,5.7,15.9,3.1142857142857174,1.7506461392188157,4.985714285714286,4.88228463904996,217,8,32,0,0,1,0,0,0,7.1
2026-08-06,26.5,25.0,7.1,12.6,2.18,4.4,2.2,4.5,3.4857142857142884,2.2872316392154977,5.15,4.914147551086155,218,8,32,0,0,1,0,0,0,4.4
2026-08-07,27.6,24.6,4.4,16.5,3.91,7.1,1.8,0.9,3.985714285714289,1.991170988328663,5.2,4.901805005066216,219,8,32,0,0,1,0,0,0,0.2
2026-08-08,27.5,24.9,0.2,18.9,3.54,4.4,4.4,2.3,3.685714285714289,2.403073428915926,5.185714285714285,4.917137557384546,220,8,32,0,0,1,0,0,0,0.1
2026-08-09,26.5,24.7,0.1,17.7,2.48,0.2,7.1,5.7,2.8857142857142892,2.548482274759184,5.0928571428571425,5.005606746549193,221,8,32,0,0,1,0,0,0,0.5
2026-08-10,27.9,24.2,0.5,15.2,3.61,0.1,4.4,2.2,2.642857142857146,2.701146141213081,4.021428571428571,4.136549764724686,222,8,33,0,0,1,0,0,0,0.4
2026-08-11,28.0,24.7,0.4,15.4,3.87,0.5,0.2,1.8,2.4428571428571457,2.823034503778452,3.6,4.186792420126732,223,8,33,0,0,1,0,0,0,0.1
2026-08-12,27.9,24.8,0.1,15.4,3.31,0.4,0.1,4.4,1.8285714285714316,2.7938708427044596,2.4714285714285715,2.3371345280487565,224,8,33,0,0,1,0,0,0,6.2
2026-08-13,27.9,24.8,6.2,12.5,3.79,0.1,0.5,7.1,1.700000000000003,2.517935662402803,2.5928571428571425,2.489814415609265,225,8,33,0,0,1,0,0,0,0.7
2026-08-14,28.0,24.7,0.7,15.5,4.11,6.2,0.4,4.4,1.1714285714285744,2.2283882708617293,2.5785714285714287,2.5008240400157624,226,8,33,0,0,1,0,0,0,0.3
2026-08-15,27.3,24.6,0.3,14.7,3.34,0.7,0.1,0.2,1.1857142857142888,2.221432399322956,2.4357142857142855,2.574014267743932,227,8,33,0,0,1,0,0,0,3.4
2026-08-16,26.8,24.6,3.4,16.4,2.67,0.3,6.2,0.1,1.6571428571428601,2.301345362215397,2.2714285714285714,2.418336545717226,228,8,33,0,0,1,0,0,0,0.5
2026-08-17,27.1,24.7,0.5,13.9,2.69,3.4,0.7,0.5,1.6571428571428601,2.3013453622153968,2.15,2.4644393963864104,229,8,34,0,0,1,0,0,0,1.8
2026-08-18,28.3,24.5,1.8,15.0,3.14,0.5,0.3,0.4,1.85714285714286,2.2337242017589483,2.15,2.4644393963864104,230,8,34,0,0,1,0,0,0,5.5
2026-08-19,27.9,25.2,5.5,17.2,3.75,1.8,3.4,0.1,2.6285714285714312,2.4479340171623893,2.2285714285714286,2.5574712785599796,231,8,34,0,0,1,0,0,0,1.0
2026-08-20,28.5,24.8,1.0,13.4,3.67,5.5,0.5,6.2,1.8857142857142886,1.9143567861717274,1.792857142857143,2.1510156047476747,232,8,34,0,0,1,0,0,0,3.6
2026-08-21,28.2,25.2,3.6,14.3,3.82,1.0,1.8,0.7,2.3000000000000034,1.9287301521985496,1.7357142857142858,2.086073655627521,233,8,34,0,0,1,0,0,0,9.4
2026-08-22,28.0,24.7,9.4,16.5,3.89,3.6,5.5,0.3,3.6000000000000036,3.079502124261838,2.392857142857143,2.8677153291062707,234,8,34,0,0,1,0,0,0,6.3
2026-08-23,27.6,25.0,6.3,11.3,2.7,9.4,1.0,3.4,4.014285714285718,3.2390474790327497,2.835714285714286,2.9635236674392207,235,8,34,0,0,1,0,0,0,4.6
2026-08-24,28.8,24.0,4.6,12.7,3.2,6.3,3.6,0.5,4.600000000000003,2.8442925306655504,3.1285714285714286,2.917171594179882,236,8,35,0,0,1,0,0,0,0.1
2026-08-25,28.5,25.3,0.1,15.7,3.87,4.6,9.4,1.8,4.35714285714286,3.1764010781895364,3.107142857142857,2.9397708664541584,237,8,35,0,0,1,0,0,0,2.7
2026-08-26,28.8,25.3,2.7,16.0,4.14,0.1,6.3,5.5,3.9571428571428604,3.184785258515397,3.292857142857143,2.8146496668773247,238,8,35,0,0,1,0,0,0,8.5
2026-08-27,28.3,25.4,8.5,14.6,3.36,2.7,4.6,1.0,5.028571428571432,3.284161123592161,3.4571428571428577,3.054306993213206,239,8,35,0,0,1,0,0,0,22.6
2026-08-28,27.6,24.2,22.6,13.8,2.88,8.5,0.1,3.6,7.742857142857146,7.301337124768563,5.021428571428572,5.856380947496304,240,8,35,0,0,1,0,0,0,11.0
2026-08-29,27.6,25.2,11.0,19.6,2.8,22.6,2.7,9.4,7.971428571428575,7.386409656866283,5.785714285714286,5.890913099245062,241,8,35,0,0,1,0,0,0,12.3
2026-08-30,27.5,24.6,12.3,13.1,2.46,11.0,8.5,6.3,8.828571428571433,7.5072663213081405,6.421428571428572,6.090494304990425,242,8,35,0,0,1,0,0,0,1.0
2026-08-31,28.8,25.3,1.0,14.3,4.06,12.3,22.6,4.6,8.314285714285718,7.9551720223237,6.457142857142857,6.054459803853969,243,8,36,0,0,1,0,0,0,0.1
2026-09-01,29.1,25.5,0.1,12.9,4.67,1.0,11.0,0.1,8.314285714285718,7.9551720223237,6.335714285714286,6.170975130879559,244,9,36,1,1,0,0,1,0,5.2
2026-09-02,27.9,24.6,5.2,10.3,1.83,0.1,12.3,2.7,8.671428571428574,7.713562576335754,6.314285714285715,6.17462015559937,245,9,36,1,1,0,0,1,0,0.4
2026-09-03,27.9,25.6,0.4,12.5,2.34,5.2,1.0,8.5,7.514285714285718,8.326749780362189,6.271428571428572,6.216284887470789,246,9,36,1,1,0,0,1,0,4.1
2026-09-04,29.1,25.3,4.1,11.6,4.06,0.4,0.1,22.6,4.8714285714285745,5.019865298894729,6.307142857142858,6.201174117823201,247,9,36,1,1,0,0,1,0,10.0
2026-09-05,28.8,25.4,10.0,14.1,4.09,4.1,5.2,11.0,4.728571428571432,4.8269087021661665,6.3500000000000005,6.226216285254564,248,9,36,1,1,0,0,1,0,3.9
2026-09-06,28.5,25.6,3.9,17.3,4.2,10.0,0.4,12.3,3.5285714285714316,3.4898492258330394,6.17857142857143,6.260643684211653,249,9,36,1,1,0,0,1,0,15.8
2026-09-07,27.4,25.3,15.8,11.4,2.75,3.9,4.1,1.0,5.642857142857146,5.56742224698202,6.978571428571429,6.7405978474211965,250,9,37,1,1,0,0,1,0,2.1
2026-09-08,28.4,25.1,2.1,10.5,2.63,15.8,10.0,0.1,5.9285714285714315,5.27942998366119,7.121428571428572,6.603399890199747,251,9,37,1,1,0,0,1,0,11.9
2026-09-09,28.8,25.0,11.9,12.6,3.6,2.1,3.9,5.2,6.885714285714289,5.714726173500799,7.778571428571429,6.587304639803927,252,9,37,1,1,0,0,1,0,7.6
2026-09-10,28.2,25.1,7.6,15.6,4.12,11.9,15.8,0.4,7.914285714285717,4.949555054557439,7.714285714285714,6.584113414162106,253,9,37,1,1,0,0,1,0,26.2
2026-09-11,28.4,25.0,26.2,15.6,3.77,7.6,2.1,4.1,11.071428571428575,8.13464080045215,7.971428571428572,7.247113862818719,254,9,37,1,1,0,0,1,0,9.7
2026-09-12,28.0,24.9,9.7,11.4,3.63,26.2,11.9,10.0,11.02857142857143,8.142013323028943,7.878571428571428,7.213574657592396,255,9,37,1,1,0,0,1,0,7.1
2026-09-13,28.5,25.4,7.1,12.9,4.18,9.7,7.6,3.9,11.48571428571429,7.755735205087164,7.507142857142857,7.1014044424286205,256,9,37,1,1,0,0,1,0,10.2
2026-09-14,28.4,24.6,10.2,15.4,3.35,7.1,26.2,15.8,10.685714285714289,7.521841213299778,8.164285714285715,6.874994505492302,257,9,38,1,1,0,0,1,0,3.8
2026-09-15,29.2,24.8,3.8,16.2,4.25,10.2,9.7,2.1,10.92857142857143,7.2198140063102825,8.428571428571429,6.607039203226127,258,9,38,1,1,0,0,1,0,3.2
2026-09-16,28.6,25.7,3.2,18.2,4.0,3.8,7.1,11.9,9.685714285714289,7.753800911258194,8.285714285714286,6.703140153098979,259,9,38,1,1,0,0,1,0,7.5
2026-09-17,28.2,25.2,7.5,18.1,3.85,3.2,10.2,7.6,9.671428571428574,7.758374891198593,8.792857142857143,6.3181623771612365,260,9,38,1,1,0,0,1,0,13.5
2026-09-18,28.7,24.4,13.5,16.1,3.32,7.5,3.8,26.2,7.857142857142859,3.64182058081627,9.464285714285714,6.280446718905504,261,9,38,1,1,0,0,1,0,15.6
2026-09-19,28.7,25.4,15.6,12.2,3.26,13.5,3.2,9.7,8.700000000000003,4.675467891024365,9.864285714285714,6.4919603703773,262,9,38,1,1,0,0,1,0,7.5
2026-09-20,27.6,24.5,7.5,15.0,3.09,15.6,7.5,7.1,8.75714285714286,4.655053577513757,10.12142857142857,6.306184823882579,263,9,38,1,1,0,0,1,0,11.7
2026-09-21,28.2,25.4,11.7,16.0,3.34,7.5,13.5,10.2,8.971428571428575,4.7657508277689855,9.828571428571427,6.114475708252761,264,9,39,1,1,0,0,1,0,16.7
2026-09-22,27.5,25.0,16.7,16.9,3.47,11.7,15.6,3.8,10.814285714285717,4.92423549783061,10.87142857142857,5.937420907512534,265,9,39,1,1,0,0,1,0,14.7
2026-09-23,27.0,24.7,14.7,12.9,2.27,16.7,7.5,3.2,12.457142857142859,3.7353523452088155,11.071428571428571,6.021299191706379,266,9,39,1,1,0,0,1,0,7.5
2026-09-24,27.8,24.7,7.5,13.5,3.29,14.7,11.7,7.5,12.457142857142859,3.7353523452088155,11.064285714285715,6.025791635558333,267,9,39,1,1,0,0,1,0,1.9
2026-09-25,27.9,25.3,1.9,13.1,2.58,7.5,16.7,13.5,10.8,5.398456569551446,9.328571428571427,4.680142761042251,268,9,39,1,1,0,0,1,0,9.7
2026-09-26,28.5,25.4,9.7,15.5,3.32,1.9,14.7,15.6,9.957142857142859,4.967513510418499,9.328571428571427,4.680142761042251,269,9,39,1,1,0,0,1,0,7.0
2026-09-27,28.4,25.4,7.0,16.3,3.27,9.7,7.5,7.5,9.885714285714288,5.012128147945582,9.321428571428571,4.683880470692668,270,9,39,1,1,0,0,1,0,25.4
2026-09-28,26.5,24.5,25.4,20.6,1.33,7.0,1.9,11.7,11.842857142857143,7.760123955809188,10.407142857142857,6.363654524021462,271,9,40,1,1,0,0,1,0,13.8
2026-09-29,27.1,24.7,13.8,14.7,2.71,25.4,9.7,16.7,11.428571428571432,7.531647514701822,11.12142857142857,6.121610970906336,272,9,40,1,1,0,0,1,0,0.5
